場,レース,買い目,推定確率%,オッズ(取得時),回収率%
多摩川,6R,1-4-3,11.40,63.2,720.2
住之江,5R,1-3-4,8.18,86.3,706.2
宮島,7R,1-4-3,8.49,83.2,706.1
宮島,10R,2-4-1,7.06,95.4,673.4
住之江,4R,1-4-3,8.61,75.5,649.9
宮島,7R,1-3-4,13.71,45.3,621.0
浜名湖,2R,3-1-2,9.69,60.8,589.4
芦屋,8R,1-5-4,6.25,94.1,588.2
宮島,10R,2-1-4,8.33,64.4,536.6
津,7R,1-2-4,10.05,53.3,535.7
宮島,4R,1-4-2,5.32,99.2,527.3
桐生,9R,1-4-3,8.72,59.9,522.5
多摩川,10R,4-1-2,9.04,57.2,517.0
浜名湖,4R,1-4-3,6.81,74.8,509.3
多摩川,8R,1-4-3,6.20,79.5,493.2
津,8R,1-4-3,9.45,51.6,487.4
下関,6R,1-2-3,5.56,87.3,485.1
三国,2R,3-1-2,5.06,94.2,477.1
下関,10R,1-4-3,7.11,66.8,474.8
平和島,8R,1-2-4,9.98,46.5,464.2
下関,10R,4-1-3,5.53,83.5,461.7
多摩川,7R,2-1-4,4.73,97.0,459.1
芦屋,7R,4-1-3,6.05,75.6,457.7
住之江,1R,4-2-1,4.59,99.6,457.1
多摩川,2R,1-4-2,5.21,86.8,452.3
住之江,4R,4-1-3,5.13,85.0,435.8
平和島,7R,1-4-2,4.70,92.8,435.8
宮島,11R,1-5-4,6.78,64.0,434.1
津,5R,1-4-3,4.41,98.3,433.6
宮島,12R,4-1-2,4.72,91.4,431.5
桐生,9R,1-3-4,6.94,61.7,428.2
住之江,9R,1-5-4,5.61,75.1,421.6
平和島,9R,3-2-1,6.31,66.5,419.6
三国,11R,1-4-2,9.34,44.9,419.2
平和島,7R,4-1-2,4.34,96.3,417.8
多摩川,7R,2-1-3,6.12,68.1,417.0
鳴門,2R,1-4-3,5.67,73.4,415.9
平和島,3R,1-5-2,10.85,38.2,414.5
平和島,8R,1-4-2,21.04,19.6,412.4
津,8R,1-3-4,7.41,55.6,411.7
下関,5R,1-4-2,14.82,27.5,407.6
芦屋,1R,1-4-3,8.53,47.7,406.7
平和島,8R,1-4-3,16.32,24.8,404.6
津,3R,4-1-2,5.09,79.1,402.7
鳴門,12R,5-1-4,4.16,96.5,401.8
住之江,1R,2-4-1,4.16,96.7,401.8
宮島,4R,1-2-4,7.60,52.5,399.1
鳴門,2R,1-3-4,4.19,94.8,397.5
下関,6R,2-1-3,6.42,61.1,392.6
津,7R,1-2-5,10.83,36.2,391.9
平和島,7R,1-2-4,4.17,91.1,380.3
浜名湖,4R,1-3-4,10.65,35.7,380.3
津,7R,1-5-2,8.84,42.9,379.1
桐生,4R,1-4-3,5.50,68.8,378.5
多摩川,9R,3-1-2,10.88,34.7,377.4
芦屋,5R,2-3-1,4.28,87.7,375.7
多摩川,4R,4-1-3,4.30,87.2,374.9
住之江,4R,1-4-2,13.42,27.9,374.5
津,8R,1-5-4,5.43,68.5,371.8
住之江,4R,4-1-2,8.00,46.3,370.2
鳴門,2R,1-4-2,7.49,49.3,369.2
多摩川,9R,3-2-1,6.56,56.2,368.9
多摩川,4R,1-4-5,4.58,80.0,366.6
桐生,4R,1-3-2,10.75,33.8,363.5
桐生,4R,1-3-4,8.12,44.7,362.9
平和島,9R,4-3-1,3.79,95.8,362.8
住之江,12R,5-1-4,8.43,42.9,361.6
宮島,11R,1-5-2,7.78,46.4,360.9
平和島,3R,5-1-2,6.50,55.4,360.1
浜名湖,8R,1-2-4,7.12,50.5,359.5
住之江,11R,3-1-4,7.76,46.1,357.7
多摩川,10R,1-4-2,12.83,27.8,356.8
芦屋,6R,4-1-2,5.50,63.7,350.2
津,3R,1-4-2,4.95,70.7,349.9
多摩川,8R,1-3-4,9.73,35.9,349.5
桐生,5R,2-1-4,4.21,82.8,348.8
浜名湖,12R,2-1-3,5.88,59.1,347.5
下関,10R,4-1-2,6.23,55.7,347.2
津,11R,1-4-3,9.11,38.1,347.0
下関,10R,1-4-2,8.01,42.6,341.4
鳴門,2R,1-2-4,6.05,56.1,339.6
宮島,2R,3-1-4,8.52,39.8,339.2
宮島,2R,3-1-5,4.21,80.1,337.3
平和島,7R,1-5-4,4.08,82.3,335.8
住之江,7R,2-4-1,14.32,23.4,335.1
津,7R,1-2-3,4.85,69.0,334.8
三国,2R,2-1-3,10.57,31.5,333.1
芦屋,10R,5-1-3,3.83,86.4,331.3
下関,12R,2-1-3,5.62,58.7,330.0
多摩川,2R,1-5-4,3.70,88.8,328.5
平和島,8R,1-3-4,7.20,45.6,328.2
下関,8R,1-4-2,4.83,67.8,327.4
浜名湖,5R,1-3-2,16.14,20.2,326.0
多摩川,2R,1-2-4,7.48,43.4,324.8
住之江,4R,1-2-4,9.72,33.4,324.6
住之江,8R,4-1-3,4.71,68.8,324.3
平和島,3R,1-2-5,15.36,21.1,324.2
平和島,11R,1-4-2,5.89,55.0,323.9
宮島,10R,2-1-3,3.90,83.1,323.9
浜名湖,2R,1-3-2,10.45,31.0,323.9
多摩川,4R,1-3-4,4.38,73.8,323.3
桐生,5R,1-4-2,13.84,23.3,322.4
下関,5R,1-2-4,6.06,53.1,321.7
芦屋,5R,2-1-3,12.13,26.5,321.4
平和島,12R,2-1-3,6.35,50.5,320.7
多摩川,10R,4-2-1,4.49,71.3,320.4
三国,7R,2-4-1,3.63,87.7,318.6
三国,3R,2-1-3,4.08,78.0,318.2
平和島,7R,1-2-5,3.30,96.3,318.2
津,3R,4-2-1,6.17,51.5,317.9
下関,6R,2-1-5,4.49,70.5,316.5
浜名湖,6R,1-3-2,16.21,19.5,316.2
住之江,1R,4-1-2,5.37,58.7,315.3
宮島,8R,1-2-3,7.67,41.1,315.2
三国,12R,1-5-4,4.86,64.5,313.6
宮島,3R,1-5-4,4.69,66.7,312.6
多摩川,2R,1-4-5,3.27,95.4,311.9
平和島,9R,3-1-2,10.00,31.1,311.0
鳴門,12R,4-1-5,4.05,76.7,310.7
桐生,8R,4-1-3,5.70,54.5,310.7
住之江,2R,2-1-3,16.18,19.2,310.6
浜名湖,8R,1-3-4,7.03,43.9,308.6
宮島,7R,1-3-2,9.88,31.2,308.3
下関,6R,2-3-1,5.04,61.1,307.9
津,10R,1-5-3,9.13,33.7,307.6
多摩川,4R,1-5-4,3.44,89.3,306.8
多摩川,5R,3-1-4,5.40,56.8,306.5
住之江,10R,1-4-2,11.63,26.3,305.9
多摩川,10R,1-4-3,6.71,45.5,305.5
津,10R,1-4-3,5.91,51.5,304.6
浜名湖,9R,1-4-3,5.91,51.5,304.2
浜名湖,9R,1-3-4,10.38,29.3,304.1
津,7R,1-4-2,7.95,38.2,303.9
浜名湖,7R,1-4-3,6.09,49.7,302.8
浜名湖,6R,3-1-2,7.97,37.9,302.1
平和島,5R,5-1-4,4.09,73.5,300.8
浜名湖,8R,1-4-3,12.56,23.9,300.1
下関,8R,4-1-2,4.42,67.8,299.5
津,1R,2-1-3,6.69,44.7,299.2
浜名湖,5R,1-3-4,7.86,38.0,298.8
浜名湖,5R,1-4-3,4.20,71.1,298.6
平和島,10R,3-1-2,9.53,31.3,298.2
津,5R,1-4-2,6.48,46.0,298.0
宮島,12R,4-1-3,3.31,89.8,297.4
芦屋,10R,5-4-1,2.97,100.0,297.2
芦屋,8R,1-4-5,9.16,32.4,296.8
津,5R,1-2-4,10.17,29.1,296.0
下関,5R,4-1-2,6.36,46.5,295.9
浜名湖,9R,1-3-2,9.03,32.6,294.4
多摩川,4R,1-4-2,3.37,87.2,294.1
桐生,1R,1-5-4,5.23,55.8,291.7
三国,8R,1-4-2,3.47,83.7,290.5
三国,11R,4-1-2,3.61,80.3,290.3
多摩川,6R,1-3-4,12.33,23.5,289.7
桐生,5R,1-2-4,8.66,33.4,289.3
鳴門,11R,1-2-4,11.08,26.0,288.2
芦屋,8R,4-1-5,5.24,55.0,288.0
津,9R,2-1-4,4.87,58.7,286.1
桐生,8R,1-3-4,12.77,22.4,286.0
芦屋,4R,1-6-3,4.06,70.2,284.7
浜名湖,6R,2-1-3,3.00,94.6,283.9
宮島,6R,1-6-4,4.97,56.9,282.8
桐生,1R,5-1-4,2.94,95.9,282.0
下関,6R,3-2-1,3.68,76.4,281.3
下関,8R,4-2-1,3.00,93.9,281.3
宮島,5R,1-4-2,5.39,52.2,281.2
宮島,11R,1-4-2,14.53,19.3,280.5
住之江,2R,1-2-4,5.36,52.3,280.2
津,6R,1-2-3,7.59,36.9,280.1
津,6R,2-1-3,5.97,46.3,276.6
住之江,5R,1-3-2,6.41,43.1,276.4
桐生,3R,3-1-2,3.40,81.1,275.4
多摩川,11R,2-1-3,3.40,80.9,274.8
鳴門,9R,1-3-5,9.85,27.9,274.7
津,9R,2-4-1,4.14,66.4,274.7
下関,10R,1-3-4,2.85,95.5,272.6
宮島,5R,1-2-4,5.96,45.7,272.3
多摩川,1R,1-5-2,10.67,25.5,272.0
桐生,4R,1-3-6,10.98,24.7,271.2
平和島,6R,1-4-3,3.20,84.7,270.9
下関,3R,3-1-2,2.74,98.7,270.8
下関,12R,3-1-2,5.68,47.6,270.4
桐生,5R,1-4-3,8.47,31.8,269.5
浜名湖,9R,1-6-3,4.59,58.6,268.9
平和島,4R,1-4-5,3.97,67.6,268.4
桐生,1R,1-4-3,4.94,54.3,268.1
宮島,4R,2-1-3,5.31,50.4,267.6
下関,8R,4-1-3,5.48,48.8,267.5
津,7R,2-1-4,3.57,74.8,267.0
宮島,7R,1-3-5,3.66,73.0,266.9
三国,12R,1-4-3,7.36,36.2,266.3
平和島,7R,4-1-5,4.27,62.2,265.7
多摩川,5R,4-3-1,2.68,98.8,265.1
下関,1R,4-1-3,3.67,72.2,265.0
宮島,11R,1-4-5,8.19,32.3,264.6
多摩川,1R,2-1-5,9.55,27.7,264.6
芦屋,2R,4-1-3,11.12,23.8,264.6
宮島,2R,3-1-2,6.10,43.2,263.7
宮島,5R,3-2-1,2.81,93.8,263.5
住之江,12R,5-4-1,2.65,99.6,263.5
鳴門,7R,3-2-1,5.39,48.8,263.2
多摩川,10R,4-1-3,4.73,55.6,262.9
住之江,3R,4-1-5,3.34,78.7,262.9
下関,11R,1-2-3,13.51,19.4,262.0
下関,6R,1-3-2,3.70,70.5,261.0
多摩川,11R,3-1-2,3.17,82.3,260.9
浜名湖,3R,5-1-3,2.97,87.7,260.8
住之江,2R,1-2-3,13.43,19.4,260.6
三国,12R,1-4-5,6.29,41.4,260.6
浜名湖,2R,1-4-3,3.60,72.3,260.4
宮島,2R,1-3-5,5.32,48.8,259.8
浜名湖,4R,1-4-2,3.92,66.2,259.7
津,8R,3-1-4,4.36,59.3,258.8
浜名湖,8R,1-4-2,12.68,20.4,258.7
住之江,7R,4-2-1,14.33,18.0,258.0
芦屋,6R,4-1-3,9.09,28.3,257.3
多摩川,9R,3-1-4,6.82,37.7,257.0
桐生,1R,1-4-2,6.79,37.8,256.7
平和島,1R,5-1-4,5.19,49.4,256.3
芦屋,2R,4-3-1,3.34,76.6,255.8
下関,9R,3-1-2,5.72,44.6,255.3
鳴門,2R,1-3-2,2.66,96.1,255.3
下関,2R,1-4-6,2.71,94.0,255.0
下関,7R,2-1-5,5.52,46.1,254.4
津,9R,3-1-2,2.57,98.6,253.8
平和島,9R,1-3-2,4.61,55.0,253.4
桐生,5R,4-1-2,8.51,29.7,252.7
多摩川,3R,1-4-2,10.56,23.9,252.5
津,8R,1-3-5,3.96,63.6,252.1
三国,5R,4-1-5,2.87,87.6,251.0
鳴門,11R,1-2-3,17.65,14.2,250.7
平和島,3R,1-2-4,4.26,58.8,250.4
浜名湖,2R,1-3-4,8.97,27.9,250.1
平和島,1R,1-5-4,4.65,53.7,249.8
浜名湖,2R,3-1-4,8.32,30.0,249.6
宮島,5R,4-1-2,2.94,85.0,249.5
平和島,4R,1-3-4,3.07,81.1,248.9
下関,5R,3-1-4,2.84,87.5,248.7
平和島,4R,1-5-4,3.72,66.7,247.9
宮島,3R,1-4-5,4.09,60.6,247.8
多摩川,4R,4-1-2,2.64,93.6,247.5
桐生,2R,3-1-2,2.61,94.7,246.9
浜名湖,11R,5-1-4,4.60,53.6,246.6
宮島,9R,3-1-2,5.90,41.7,246.2
桐生,5R,4-1-3,5.21,47.2,245.9
多摩川,4R,3-1-4,2.94,83.4,245.5
下関,6R,1-2-5,3.88,63.2,245.4
芦屋,5R,1-2-5,3.80,64.5,245.0
鳴門,4R,3-1-2,4.50,54.2,243.9
下関,8R,1-4-3,5.99,40.7,243.8
浜名湖,8R,4-1-3,5.52,43.9,242.5
津,6R,3-1-2,5.48,44.1,241.7
下関,11R,1-3-5,2.91,83.0,241.4
鳴門,10R,5-3-1,2.88,83.9,241.3
芦屋,9R,3-1-2,3.62,66.6,241.2
津,10R,5-1-3,2.62,92.0,241.1
宮島,11R,1-2-5,10.20,23.6,240.7
多摩川,2R,1-5-2,8.61,27.9,240.3
宮島,8R,1-3-4,5.63,42.7,240.2
平和島,11R,2-1-4,4.55,52.8,240.0
平和島,2R,1-2-3,17.49,13.7,239.7
津,1R,3-1-2,4.07,58.8,239.4
津,6R,3-2-1,4.10,58.3,239.0
鳴門,5R,1-5-2,3.30,72.4,238.8
芦屋,11R,1-5-4,2.64,90.5,238.7
桐生,9R,1-4-2,5.95,40.1,238.7
芦屋,1R,4-1-6,3.39,70.2,237.7
住之江,2R,1-3-2,5.25,45.2,237.1
多摩川,8R,1-3-2,9.36,25.3,236.8
芦屋,1R,1-4-2,7.61,31.1,236.6
芦屋,8R,4-1-2,4.14,57.1,236.6
鳴門,12R,1-5-4,5.34,44.3,236.6
多摩川,7R,1-2-5,7.72,30.5,235.3
平和島,9R,1-3-4,6.27,37.4,234.5
三国,8R,1-5-2,2.64,88.8,234.3
多摩川,6R,1-4-2,3.92,59.7,234.2
桐生,8R,1-4-2,3.37,69.5,233.9
多摩川,11R,4-1-2,2.37,98.4,233.0
津,6R,1-3-2,7.21,32.2,232.1
浜名湖,8R,2-1-4,2.44,95.2,232.0
津,10R,1-2-3,3.97,58.4,231.8
多摩川,6R,3-1-4,5.67,40.8,231.4
鳴門,8R,4-1-5,2.32,99.5,231.0
桐生,8R,1-3-2,3.39,68.1,230.9
津,10R,1-3-5,14.43,16.0,230.8
浜名湖,3R,1-5-2,6.97,33.1,230.6
桐生,1R,1-4-5,8.22,28.0,230.3
住之江,7R,2-1-4,8.16,28.2,230.0
桐生,2R,2-1-3,3.56,64.5,229.8
下関,6R,3-1-2,3.13,73.3,229.3
浜名湖,3R,1-5-3,7.54,30.4,229.2
多摩川,12R,3-1-2,5.87,39.0,229.0
住之江,8R,1-4-3,15.16,15.1,228.9
三国,9R,4-3-2,3.69,61.7,227.6
芦屋,2R,1-3-4,10.79,21.1,227.6
鳴門,11R,1-4-2,5.01,45.4,227.6
平和島,2R,1-2-4,13.68,16.6,227.0
宮島,8R,3-1-2,3.99,56.8,226.8
浜名湖,7R,1-3-2,13.74,16.5,226.7
多摩川,4R,4-1-5,3.59,62.9,226.0
津,9R,4-1-2,5.99,37.7,225.8
鳴門,7R,3-4-2,5.54,40.7,225.5
宮島,8R,1-3-2,12.73,17.7,225.3
平和島,1R,1-5-3,2.58,87.2,225.2
桐生,10R,1-4-3,7.22,31.2,225.2
平和島,5R,5-1-3,2.36,95.5,225.1
住之江,10R,4-1-2,4.15,54.3,225.1
多摩川,7R,3-1-2,2.53,89.0,224.8
下関,4R,1-3-2,3.22,69.8,224.8
鳴門,11R,1-3-2,9.11,24.6,224.2
芦屋,9R,2-1-3,3.30,67.9,224.0
住之江,11R,3-1-5,4.62,48.4,223.5
下関,1R,4-1-2,4.64,48.1,223.2
宮島,10R,2-4-5,3.12,71.5,223.2
浜名湖,7R,2-1-3,2.52,88.4,223.1
多摩川,8R,1-4-2,2.27,98.2,222.8
鳴門,7R,4-3-1,3.55,62.5,222.2
鳴門,9R,1-3-4,10.88,20.4,222.0
桐生,6R,1-2-4,3.23,68.4,221.2
平和島,12R,1-2-3,25.13,8.8,221.1
鳴門,11R,2-1-4,5.26,41.9,220.6
宮島,9R,2-3-4,2.48,89.1,220.5
住之江,12R,5-1-2,4.86,45.2,219.6
下関,1R,1-4-3,4.46,49.2,219.5
鳴門,9R,1-5-3,3.95,55.6,219.5
住之江,12R,1-5-4,13.97,15.7,219.4
浜名湖,1R,1-5-2,5.33,41.2,219.4
多摩川,3R,1-2-4,10.70,20.5,219.3
住之江,10R,1-2-4,18.73,11.7,219.2
平和島,10R,3-2-1,5.49,39.9,219.1
住之江,5R,1-5-3,6.08,36.0,219.0
津,8R,1-5-3,3.62,60.3,218.3
桐生,3R,1-2-4,4.41,49.5,218.3
平和島,10R,1-3-2,15.47,14.1,218.2
下関,5R,4-1-3,8.64,25.2,217.8
住之江,3R,5-1-2,2.43,89.5,217.3
住之江,10R,2-1-4,8.08,26.9,217.2
浜名湖,9R,1-5-3,6.26,34.7,217.2
三国,8R,1-2-5,3.20,67.8,216.6
住之江,3R,1-5-2,2.96,72.9,216.1
芦屋,8R,1-2-5,2.26,95.3,215.5
多摩川,5R,3-4-1,4.12,52.1,214.9
平和島,7R,5-2-1,2.27,94.5,214.8
平和島,6R,1-4-2,3.71,57.9,214.8
住之江,3R,5-4-1,2.95,72.9,214.8
津,12R,2-1-3,3.40,63.2,214.7
鳴門,2R,1-2-3,2.90,74.0,214.7
桐生,9R,1-3-2,2.93,73.2,214.6
津,10R,1-3-2,7.50,28.6,214.4
住之江,11R,1-5-4,2.29,93.3,214.0
浜名湖,1R,5-1-4,2.56,83.5,214.0
桐生,3R,1-4-2,2.97,72.1,213.9
桐生,4R,1-3-5,3.64,58.6,213.4
桐生,1R,4-1-3,3.65,58.4,213.2
下関,4R,1-2-3,5.08,41.9,212.8
多摩川,2R,5-1-2,2.17,97.8,212.2
多摩川,1R,2-5-1,2.79,76.0,211.9
津,3R,1-2-4,5.76,36.7,211.5
鳴門,3R,2-3-1,3.90,54.1,211.1
津,10R,3-1-2,2.57,82.1,210.9
平和島,9R,3-1-4,13.61,15.5,210.9
芦屋,11R,1-5-2,4.31,48.9,210.8
三国,5R,1-4-5,7.23,29.1,210.4
平和島,2R,1-3-2,8.95,23.5,210.2
津,3R,1-4-5,2.23,94.2,210.0
宮島,12R,2-1-4,3.17,66.2,209.7
宮島,10R,2-5-4,2.60,80.5,209.6
平和島,11R,1-2-4,9.11,23.0,209.6
下関,5R,1-4-3,20.13,10.4,209.4
鳴門,5R,1-5-4,7.24,28.9,209.2
桐生,5R,4-2-1,3.15,66.4,209.0
鳴門,9R,1-4-3,4.46,46.8,208.9
津,11R,1-4-5,7.97,26.2,208.9
宮島,10R,2-3-1,2.59,80.5,208.4
平和島,7R,5-1-4,3.43,60.7,208.2
鳴門,7R,3-2-4,4.91,42.3,207.6
住之江,7R,4-1-2,8.17,25.4,207.6
宮島,9R,3-1-4,5.42,38.3,207.5
住之江,2R,2-1-5,4.83,42.9,207.4
桐生,8R,3-1-4,5.73,36.2,207.3
桐生,7R,1-4-3,8.96,23.1,206.9
津,7R,1-3-2,3.11,66.4,206.8
平和島,6R,1-2-4,3.02,68.2,206.1
平和島,6R,1-5-4,3.87,53.2,206.0
浜名湖,1R,5-1-3,3.17,64.9,206.0
平和島,5R,1-5-2,3.54,58.1,205.9
桐生,4R,1-6-3,8.14,25.3,205.8
鳴門,10R,3-2-1,3.55,57.7,205.0
津,2R,5-1-2,2.11,97.0,205.0
三国,4R,3-1-2,5.77,35.5,204.8
浜名湖,5R,3-1-2,3.29,62.2,204.7
鳴門,8R,1-4-2,2.07,98.7,204.6
三国,5R,1-3-4,2.56,80.0,204.5
下関,11R,1-3-2,8.21,24.9,204.3
芦屋,1R,2-1-4,2.44,83.6,204.2
桐生,2R,1-3-2,8.64,23.6,204.0
平和島,10R,2-1-3,11.33,18.0,203.9
浜名湖,7R,1-5-3,3.39,60.2,203.9
平和島,3R,5-2-1,4.43,46.0,203.6
桐生,10R,4-1-3,3.43,59.3,203.6
住之江,2R,1-2-5,4.02,50.7,203.6
津,9R,1-2-4,6.07,33.5,203.5
鳴門,11R,2-1-3,8.38,24.2,202.9
桐生,1R,4-1-2,5.02,40.4,202.8
平和島,7R,2-4-1,3.22,63.0,202.8
津,8R,1-4-5,7.58,26.7,202.4
津,1R,2-1-5,3.31,61.1,202.2
津,9R,4-2-1,4.50,44.9,202.1
浜名湖,8R,3-1-4,2.40,84.0,201.8
住之江,2R,2-3-1,7.73,26.1,201.7
桐生,11R,1-3-2,17.49,11.5,201.1
芦屋,2R,1-4-3,19.50,10.3,200.9
宮島,2R,1-3-4,10.77,18.6,200.4
住之江,1R,1-4-2,5.49,36.5,200.4
津,12R,2-1-4,2.53,79.2,200.4
津,12R,1-3-2,13.00,15.4,200.2
下関,7R,1-2-4,2.17,92.3,199.8
平和島,4R,1-3-5,2.61,76.4,199.5
桐生,8R,1-2-4,2.14,93.3,199.2
三国,3R,1-2-3,14.54,13.7,199.2
鳴門,2R,1-4-5,9.09,21.9,199.2
住之江,9R,1-3-4,4.11,48.4,198.8
宮島,11R,1-2-4,15.78,12.6,198.8
下関,5R,1-3-4,8.96,22.2,198.8
下関,8R,1-3-4,4.88,40.7,198.8
住之江,10R,2-4-1,2.05,97.0,198.7
住之江,7R,1-2-4,5.81,34.2,198.5
津,8R,3-1-5,2.34,84.8,198.1
多摩川,9R,2-3-1,4.10,48.3,198.0
三国,9R,3-4-2,3.66,53.8,197.0
鳴門,10R,3-1-2,3.86,51.0,197.0
芦屋,12R,3-1-2,9.20,21.4,196.8
津,9R,3-4-1,2.70,72.7,196.2
下関,2R,1-4-2,2.48,79.2,196.1
下関,1R,3-4-1,2.20,88.9,196.0
三国,8R,1-2-4,3.89,50.3,195.9
鳴門,1R,1-5-2,3.84,50.9,195.5
芦屋,9R,3-1-5,3.59,54.4,195.3
平和島,10R,1-2-3,17.37,11.2,194.5
鳴門,9R,3-1-5,7.00,27.8,194.5
三国,11R,1-2-4,18.00,10.8,194.4
桐生,5R,3-1-4,1.99,97.5,194.1
芦屋,9R,5-1-3,3.25,59.7,193.9
芦屋,8R,2-1-4,2.04,94.9,193.7
住之江,12R,4-5-1,1.94,99.6,193.6
下関,7R,1-5-4,2.72,71.0,192.9
鳴門,4R,2-1-3,3.70,52.0,192.4
平和島,7R,1-5-2,3.28,58.6,192.2
浜名湖,10R,1-6-3,2.03,94.6,192.1
桐生,12R,3-1-2,4.96,38.7,192.0
浜名湖,5R,1-2-3,10.46,18.3,191.3
津,9R,2-1-3,3.13,61.1,191.3
浜名湖,8R,1-3-2,2.58,74.2,191.2
津,7R,1-5-3,2.71,70.3,190.8
浜名湖,10R,1-5-3,4.50,42.4,190.8
住之江,3R,1-4-3,2.62,72.9,190.7
津,5R,1-3-4,5.46,34.8,190.2
平和島,5R,4-5-1,2.76,68.8,190.2
下関,4R,1-4-2,1.96,96.7,189.7
浜名湖,4R,1-6-3,2.21,85.9,189.5
桐生,6R,1-5-4,4.24,44.7,189.4
宮島,1R,1-4-3,7.54,25.1,189.3
下関,6R,2-5-1,3.10,61.1,189.1
鳴門,3R,2-1-3,11.82,16.0,189.0
三国,3R,1-3-2,15.59,12.1,188.6
下関,9R,2-1-3,3.13,60.2,188.5
宮島,9R,3-2-4,4.23,44.5,188.2
桐生,7R,1-3-5,6.80,27.6,187.8
芦屋,10R,1-5-3,5.58,33.6,187.6
津,6R,2-1-4,2.64,70.9,187.5
住之江,8R,1-4-5,2.14,87.5,187.4
芦屋,5R,2-1-4,6.35,29.5,187.4
津,10R,1-3-4,10.35,18.1,187.4
下関,4R,1-5-2,5.68,33.0,187.4
浜名湖,12R,3-1-2,5.05,37.1,187.4
芦屋,4R,1-2-6,4.60,40.7,187.2
三国,11R,1-5-2,4.38,42.7,187.1
平和島,5R,5-1-2,4.30,43.5,187.0
住之江,3R,5-1-3,3.22,57.9,186.7
津,12R,4-1-3,2.33,80.0,186.5
下関,4R,5-1-2,2.52,73.9,186.4
宮島,10R,1-2-4,5.00,37.3,186.4
宮島,2R,1-4-3,6.19,30.1,186.2
浜名湖,4R,3-1-2,2.10,88.8,186.1
多摩川,5R,1-3-4,4.22,44.1,186.1
宮島,10R,2-1-5,4.99,37.3,186.0
浜名湖,9R,1-3-5,10.87,17.1,185.9
芦屋,1R,1-3-4,5.95,31.2,185.6
桐生,2R,1-4-3,3.34,55.5,185.5
浜名湖,11R,1-5-4,11.52,16.1,185.5
平和島,1R,5-4-1,4.10,45.2,185.5
下関,1R,4-2-1,3.45,53.7,185.4
三国,5R,1-5-4,9.81,18.9,185.4
多摩川,2R,2-1-5,3.02,61.3,185.3
芦屋,7R,3-1-4,5.35,34.6,185.0
津,5R,1-3-2,14.67,12.6,184.8
鳴門,6R,4-3-2,3.63,50.9,184.8
下関,3R,1-3-2,4.34,42.6,184.7
住之江,3R,1-4-5,4.50,41.0,184.6
住之江,1R,1-2-4,4.82,38.2,183.9
多摩川,8R,1-5-4,4.07,45.1,183.4
鳴門,6R,4-3-1,2.71,67.6,183.4
三国,7R,2-1-3,3.31,55.3,183.3
芦屋,6R,4-3-2,3.13,58.5,183.3
下関,8R,1-2-4,3.61,50.8,183.2
桐生,9R,4-1-2,1.98,92.6,183.1
平和島,5R,1-5-3,1.94,94.1,182.8
住之江,8R,1-5-3,1.90,96.3,182.7
住之江,2R,2-1-4,6.45,28.3,182.6
多摩川,1R,1-2-5,18.25,10.0,182.5
桐生,3R,2-1-4,2.51,72.8,182.5
鳴門,1R,1-4-2,15.05,12.1,182.1
多摩川,3R,4-1-2,7.68,23.7,182.1
宮島,5R,4-1-3,3.34,54.6,182.1
住之江,1R,2-1-4,4.26,42.7,182.1
鳴門,2R,1-5-4,7.94,22.9,181.9
平和島,4R,1-2-4,2.00,90.9,181.8
平和島,6R,1-3-4,2.50,72.6,181.6
下関,12R,1-3-2,23.27,7.8,181.5
芦屋,6R,1-4-2,4.93,36.8,181.3
三国,11R,1-4-5,2.01,90.3,181.2
桐生,12R,2-1-4,3.15,57.4,181.0
下関,7R,1-2-5,6.17,29.3,180.9
鳴門,11R,3-1-2,3.30,54.8,180.6
宮島,4R,2-3-1,2.50,72.3,180.5
宮島,2R,4-3-1,2.76,65.3,180.5
津,9R,1-3-2,3.48,51.8,180.4
桐生,3R,2-1-3,4.65,38.8,180.3
平和島,2R,1-2-5,10.80,16.7,180.3
津,1R,2-1-6,2.67,67.1,179.4
浜名湖,1R,3-1-5,2.07,86.5,179.3
桐生,1R,1-2-4,4.07,44.0,179.1
桐生,11R,1-2-3,16.88,10.6,178.9
住之江,11R,1-4-3,8.08,22.1,178.6
住之江,6R,2-1-4,4.99,35.7,178.2
三国,1R,2-1-3,3.85,46.2,178.1
津,7R,5-1-2,2.88,61.7,177.5
多摩川,7R,1-2-4,14.31,12.4,177.4
浜名湖,3R,1-3-2,2.66,66.8,177.4
津,12R,4-1-2,2.17,81.7,177.3
多摩川,9R,3-4-1,3.55,49.9,177.2
多摩川,4R,3-4-1,2.26,78.3,177.1
津,9R,4-1-3,4.70,37.7,177.0
宮島,6R,1-5-2,2.41,73.3,177.0
津,3R,4-5-1,1.86,95.1,176.5
多摩川,10R,2-4-1,3.83,46.1,176.4
宮島,2R,4-1-3,3.55,49.7,176.3
桐生,1R,5-4-1,2.15,82.0,175.9
三国,7R,2-1-4,7.81,22.5,175.8
三国,8R,2-5-1,2.11,83.1,175.0
下関,11R,2-1-3,1.85,94.5,174.8
下関,3R,2-1-3,2.77,63.1,174.7
三国,3R,3-1-2,4.48,38.9,174.4
鳴門,12R,1-4-5,5.26,33.1,173.9
浜名湖,3R,5-1-2,2.75,63.3,173.9
津,9R,4-3-1,3.19,54.5,173.7
芦屋,11R,1-5-3,2.67,65.0,173.7
平和島,2R,1-4-2,6.55,26.5,173.6
津,6R,1-3-4,2.93,59.2,173.5
宮島,8R,1-2-5,3.64,47.7,173.4
多摩川,3R,4-1-3,2.12,81.8,173.0
浜名湖,10R,1-4-3,2.55,67.9,173.0
下関,1R,2-4-1,3.29,52.5,173.0
下関,4R,2-1-4,1.79,96.7,172.7
住之江,9R,1-5-3,16.45,10.5,172.7
下関,7R,1-5-2,6.75,25.6,172.7
津,12R,1-4-3,8.94,19.3,172.5
下関,6R,2-4-1,2.16,79.7,172.4
桐生,12R,4-1-2,2.02,85.4,172.3
住之江,3R,1-5-4,5.17,33.3,172.3
鳴門,12R,2-1-4,1.83,94.2,172.0
平和島,5R,4-1-5,2.23,77.1,171.9
芦屋,6R,4-3-1,7.25,23.7,171.8
下関,3R,1-2-3,4.36,39.4,171.8
芦屋,10R,3-5-1,1.77,97.0,171.7
住之江,2R,2-5-1,1.74,98.5,171.4
宮島,10R,4-1-2,2.20,78.0,171.2
多摩川,1R,1-5-3,1.75,97.7,170.9
津,3R,5-4-2,2.03,84.2,170.8
津,8R,5-1-4,3.02,56.5,170.6
下関,7R,1-5-3,2.13,80.2,170.5
住之江,10R,1-2-5,4.97,34.3,170.4
下関,1R,1-3-4,3.76,45.3,170.2
平和島,12R,3-1-2,5.42,31.4,170.1
鳴門,12R,1-5-2,3.41,49.8,170.0
津,7R,1-3-4,1.98,85.8,170.0
津,3R,2-1-4,6.69,25.4,170.0
三国,1R,1-5-2,2.05,82.7,169.7
桐生,5R,1-3-4,4.52,37.5,169.6
三国,3R,2-1-5,1.99,85.2,169.5
多摩川,8R,1-4-5,3.55,47.7,169.5
芦屋,10R,4-1-3,2.66,63.8,169.5
津,9R,1-4-3,5.38,31.5,169.4
三国,8R,2-1-5,2.87,59.1,169.4
芦屋,3R,5-1-3,2.37,71.6,169.4
浜名湖,4R,1-2-4,4.49,37.7,169.3
芦屋,12R,3-1-5,4.52,37.4,169.1
桐生,7R,1-3-4,19.43,8.7,169.1
平和島,7R,2-5-1,2.29,73.9,168.9
桐生,6R,4-1-3,4.17,40.5,168.8
多摩川,7R,4-1-2,1.74,97.0,168.7
津,4R,1-5-2,1.78,94.7,168.7
浜名湖,6R,1-5-3,3.71,45.5,168.6
多摩川,3R,2-1-4,7.84,21.5,168.5
津,9R,3-1-4,3.14,53.6,168.4
平和島,1R,1-5-2,2.50,67.3,168.3
住之江,3R,1-2-5,2.14,78.7,168.3
浜名湖,4R,1-3-2,16.02,10.5,168.3
下関,8R,1-3-2,2.76,61.0,168.1
三国,9R,3-2-4,3.15,53.2,167.7
鳴門,12R,2-1-5,1.88,89.1,167.7
平和島,7R,5-1-2,2.76,60.7,167.4
多摩川,2R,1-2-5,10.94,15.3,167.3
津,11R,1-3-2,3.61,46.3,167.0
芦屋,4R,1-3-6,5.40,30.9,166.8
下関,2R,1-2-4,2.33,71.6,166.6
鳴門,6R,4-1-3,2.47,67.5,166.5
住之江,10R,1-2-3,6.68,24.9,166.3
住之江,1R,2-4-5,1.67,99.6,166.3
浜名湖,10R,1-5-2,5.65,29.4,166.1
桐生,12R,3-2-1,2.04,81.4,166.1
津,3R,1-5-2,2.19,75.6,165.9
平和島,8R,4-1-3,4.72,35.1,165.8
三国,11R,1-2-5,9.97,16.6,165.5
桐生,12R,2-1-3,5.43,30.5,165.5
平和島,6R,5-1-4,2.10,78.8,165.1
桐生,10R,1-3-2,9.44,17.5,165.1
平和島,11R,1-4-3,2.73,60.5,165.0
三国,8R,1-4-5,2.25,73.2,164.8
下関,3R,5-1-3,1.67,98.7,164.8
宮島,5R,2-1-3,4.83,34.1,164.7
多摩川,11R,1-6-3,2.33,70.7,164.6
下関,7R,1-2-3,1.69,97.1,164.5
鳴門,11R,1-2-5,5.75,28.6,164.5
芦屋,2R,1-3-2,2.48,66.3,164.4
桐生,10R,3-1-2,5.96,27.6,164.4
住之江,4R,2-1-4,4.92,33.4,164.2
桐生,10R,1-3-4,12.53,13.1,164.2
宮島,5R,2-3-1,2.69,60.9,164.0
桐生,11R,1-5-2,1.97,83.4,164.0
下関,12R,1-2-3,23.08,7.1,163.9
多摩川,8R,3-1-2,2.01,81.4,163.9
住之江,7R,1-4-2,5.81,28.2,163.9
鳴門,9R,1-3-2,8.76,18.7,163.7
宮島,6R,2-1-4,2.08,78.6,163.7
平和島,5R,5-4-1,3.65,44.7,163.1
浜名湖,5R,2-1-3,1.87,87.4,163.0
浜名湖,8R,1-4-5,7.18,22.7,163.0
下関,4R,1-2-5,7.91,20.6,162.9
平和島,1R,5-2-1,1.83,89.1,162.9
住之江,2R,2-4-1,2.44,66.9,162.9
宮島,7R,1-4-6,1.69,96.6,162.9
平和島,6R,1-2-5,2.14,76.2,162.9
宮島,2R,3-4-1,3.81,42.7,162.8
津,4R,3-2-1,6.18,26.3,162.7
宮島,12R,1-4-2,9.14,17.8,162.6
桐生,11R,1-6-2,1.95,83.4,162.6
宮島,12R,1-4-6,4.34,37.5,162.6
鳴門,10R,3-5-1,3.62,44.9,162.6
芦屋,10R,5-1-4,5.08,32.0,162.6
津,4R,2-5-1,1.68,97.0,162.5
平和島,5R,5-4-3,1.65,98.4,162.5
下関,11R,2-1-5,1.72,94.5,162.4
浜名湖,5R,1-2-4,2.41,67.3,162.4
浜名湖,3R,1-2-5,5.03,32.3,162.3
津,3R,5-2-4,2.31,70.2,162.2
桐生,10R,3-1-4,7.91,20.5,162.2
鳴門,9R,4-1-3,2.00,80.9,162.1
住之江,6R,1-2-5,6.21,26.1,162.1
芦屋,8R,1-5-6,1.97,82.3,161.9
多摩川,6R,4-1-6,1.66,97.7,161.8
平和島,8R,1-5-4,2.39,67.8,161.8
住之江,9R,5-1-3,6.47,25.0,161.7
宮島,9R,1-3-2,3.63,44.5,161.7
鳴門,6R,4-2-3,3.76,43.0,161.7
住之江,5R,1-3-5,9.49,17.0,161.3
宮島,7R,2-1-3,1.78,90.7,161.2
平和島,12R,1-4-2,2.53,63.8,161.1
多摩川,3R,1-4-3,2.91,55.4,161.1
鳴門,1R,1-5-4,3.15,51.1,161.1
三国,8R,1-5-4,2.09,77.2,161.1
浜名湖,2R,1-2-3,4.36,36.9,160.8
下関,2R,4-1-2,1.71,94.0,160.7
平和島,8R,1-4-5,6.45,24.9,160.6
桐生,2R,1-2-3,10.77,14.9,160.5
住之江,12R,1-4-5,7.39,21.7,160.4
津,11R,1-3-4,9.36,17.1,160.1
平和島,6R,1-4-5,4.48,35.7,159.9
桐生,6R,1-4-5,6.94,23.0,159.7
平和島,4R,1-4-6,2.94,54.3,159.4
住之江,3R,4-5-1,2.67,59.6,159.1
桐生,3R,1-4-3,2.03,78.4,159.1
浜名湖,7R,1-3-5,7.33,21.7,159.0
三国,9R,3-2-1,1.74,91.4,158.9
津,4R,1-2-4,1.61,98.3,158.7
浜名湖,2R,1-3-5,2.08,76.4,158.7
津,2R,1-5-2,9.27,17.1,158.4
多摩川,8R,1-3-5,14.66,10.8,158.3
三国,8R,2-1-4,3.49,45.3,158.2
桐生,8R,4-3-1,2.23,70.9,158.1
三国,5R,1-3-5,4.54,34.8,158.0
桐生,9R,1-4-5,3.20,49.2,157.6
桐生,2R,1-4-2,5.08,31.0,157.6
平和島,9R,1-4-3,1.94,81.2,157.5
芦屋,12R,2-1-3,3.61,43.6,157.5
下関,4R,1-6-3,1.63,96.7,157.3
平和島,4R,4-1-5,2.39,65.9,157.2
三国,11R,4-2-1,1.80,87.3,157.2
浜名湖,12R,2-1-5,1.71,91.8,157.2
桐生,4R,3-1-2,1.77,88.8,156.9
住之江,7R,4-2-3,3.35,46.8,156.7
鳴門,5R,1-2-5,3.29,47.6,156.7
浜名湖,3R,1-5-4,6.93,22.6,156.6
三国,10R,4-3-2,5.38,29.1,156.6
桐生,8R,1-4-3,12.73,12.3,156.6
住之江,11R,1-4-5,2.74,57.1,156.3
宮島,7R,3-1-4,5.70,27.4,156.3
宮島,3R,5-1-3,3.10,50.4,156.3
宮島,7R,1-2-3,5.53,28.2,156.1
平和島,6R,1-6-5,2.05,76.2,156.0
津,5R,1-5-2,2.49,62.7,156.0
下関,7R,5-1-3,2.03,76.9,155.9
芦屋,12R,3-2-1,2.78,55.9,155.5
津,7R,2-1-3,1.72,90.2,155.5
津,9R,3-4-2,1.73,89.9,155.4
平和島,10R,2-3-1,5.82,26.7,155.3
平和島,3R,2-1-5,11.08,14.0,155.2
浜名湖,9R,1-2-3,4.97,31.2,155.1
津,9R,1-4-2,6.86,22.6,155.1
宮島,3R,1-4-3,2.63,59.0,155.0
下関,3R,1-5-3,2.85,54.4,155.0
宮島,6R,1-2-4,10.06,15.4,155.0
平和島,11R,1-4-5,1.94,80.0,154.9
平和島,6R,4-1-2,2.20,70.3,154.8
芦屋,7R,1-4-3,14.33,10.8,154.8
津,3R,2-4-1,6.97,22.2,154.7
桐生,4R,1-4-2,2.90,53.4,154.6
住之江,3R,1-3-4,2.36,65.6,154.6
住之江,2R,3-2-1,4.34,35.6,154.5
鳴門,2R,2-1-5,1.69,91.4,154.4
津,9R,1-3-4,4.25,36.3,154.3
多摩川,9R,3-4-2,1.65,93.7,154.2
宮島,10R,2-3-4,1.91,80.5,154.0
多摩川,3R,4-2-1,5.16,29.8,153.9
鳴門,10R,3-1-5,3.91,39.3,153.9
浜名湖,3R,1-3-5,5.57,27.6,153.8
浜名湖,3R,2-1-5,1.69,91.0,153.8
浜名湖,5R,3-1-4,1.60,95.8,153.6
住之江,1R,4-1-3,2.01,76.5,153.5
浜名湖,11R,5-1-2,2.07,74.3,153.4
芦屋,9R,2-1-5,2.90,52.9,153.4
宮島,3R,5-2-1,1.54,99.3,153.3
宮島,12R,4-1-5,1.80,85.2,153.1
宮島,1R,1-3-2,5.08,30.1,153.0
浜名湖,8R,4-1-2,5.58,27.4,152.8
宮島,2R,1-3-2,7.72,19.8,152.8
三国,3R,1-2-4,2.27,67.4,152.7
平和島,4R,1-6-4,2.49,61.3,152.6
下関,2R,1-6-3,2.43,62.7,152.3
住之江,11R,1-5-3,4.03,37.8,152.3
芦屋,7R,2-1-4,1.93,78.9,152.3
芦屋,8R,1-4-2,7.25,21.0,152.2
住之江,2R,3-1-2,3.55,42.9,152.2
津,6R,3-1-4,2.23,68.2,152.1
多摩川,12R,3-1-4,2.28,66.6,152.0
宮島,11R,4-1-2,2.48,61.3,152.0
多摩川,3R,1-3-4,1.81,83.7,151.8
浜名湖,3R,5-1-4,2.73,55.5,151.7
多摩川,12R,1-4-3,4.18,36.2,151.5
浜名湖,7R,1-2-3,7.39,20.5,151.5
鳴門,4R,1-3-2,19.17,7.9,151.5
三国,1R,1-2-5,3.17,47.7,151.4
芦屋,12R,2-3-1,2.07,73.2,151.3
住之江,11R,3-1-2,2.06,73.6,151.3
三国,5R,5-1-4,4.51,33.5,151.1
三国,9R,4-3-1,2.74,55.2,151.1
下関,4R,1-2-4,3.36,44.9,151.0
三国,1R,1-5-3,2.52,60.0,151.0
三国,5R,1-5-3,6.89,21.9,151.0
住之江,10R,1-3-2,3.11,48.5,150.9
多摩川,8R,5-1-3,2.08,72.6,150.8
桐生,6R,1-4-2,5.56,27.1,150.8
津,12R,3-1-2,3.60,41.9,150.7
三国,11R,1-2-3,4.61,32.7,150.7
平和島,4R,1-5-3,2.74,54.9,150.7
住之江,12R,1-5-2,8.05,18.7,150.6
平和島,1R,5-1-2,2.79,54.0,150.6
宮島,1R,1-3-4,5.88,25.6,150.6
浜名湖,9R,1-3-6,8.45,17.8,150.5
桐生,6R,1-6-4,3.87,38.9,150.4
下関,11R,1-2-4,9.89,15.2,150.4
鳴門,6R,4-2-1,3.01,49.9,150.3
平和島,12R,1-2-4,4.92,30.5,149.9
多摩川,9R,3-1-5,2.47,60.6,149.6
桐生,11R,1-5-3,2.07,72.2,149.5
三国,4R,1-3-2,8.21,18.2,149.4
多摩川,9R,1-3-2,9.21,16.2,149.1
鳴門,3R,2-4-1,2.09,71.4,149.1
浜名湖,1R,1-2-5,4.41,33.8,149.0
多摩川,10R,1-3-4,3.94,37.8,148.9
浜名湖,12R,3-2-1,1.59,93.5,148.7
芦屋,12R,1-5-3,3.38,44.0,148.6
桐生,3R,1-3-2,6.69,22.2,148.5
浜名湖,1R,1-4-2,1.76,84.4,148.4
桐生,1R,2-4-1,1.62,91.6,148.3
桐生,11R,1-6-3,2.05,72.2,148.3
桐生,12R,2-3-1,2.10,70.6,148.3
多摩川,8R,3-1-5,3.15,47.0,148.2
桐生,7R,1-3-2,16.41,9.0,147.7
津,9R,2-4-3,2.08,71.0,147.4
津,11R,1-5-2,2.96,49.7,147.3
津,7R,1-3-5,2.13,69.0,147.3
浜名湖,1R,1-2-4,2.00,73.7,147.2
下関,8R,3-1-4,3.86,38.1,147.1
住之江,5R,1-4-6,1.89,77.9,147.1
三国,8R,2-4-1,2.75,53.4,147.0
津,4R,2-3-1,6.90,21.3,146.9
多摩川,10R,3-1-4,2.02,72.7,146.8
津,2R,1-5-4,3.89,37.7,146.7
浜名湖,12R,1-3-2,14.67,10.0,146.7
三国,8R,1-4-3,1.93,76.1,146.5
多摩川,9R,2-1-3,3.42,42.9,146.5
住之江,6R,3-2-1,4.00,36.6,146.5
鳴門,7R,3-1-2,6.39,22.9,146.4
鳴門,1R,2-1-4,1.57,93.3,146.4
浜名湖,7R,1-2-4,2.25,65.2,146.4
宮島,7R,3-1-2,4.11,35.6,146.4
鳴門,3R,2-1-4,7.00,20.9,146.4
住之江,3R,1-2-4,1.63,89.5,146.1
下関,3R,1-3-4,1.85,78.9,145.6
鳴門,10R,2-3-1,2.81,51.8,145.5
三国,12R,1-4-2,9.70,15.0,145.4
平和島,6R,1-6-3,1.46,99.4,145.4
住之江,5R,3-1-2,1.86,77.9,145.0
芦屋,9R,1-5-3,6.49,22.3,144.8
桐生,5R,1-3-2,2.23,65.0,144.7
下関,3R,3-1-5,2.02,71.7,144.6
浜名湖,6R,1-2-3,8.17,17.7,144.6
三国,2R,2-1-5,1.97,73.5,144.5
浜名湖,3R,1-3-4,2.64,54.7,144.5
三国,1R,1-4-2,3.11,46.4,144.4
平和島,9R,3-4-1,9.61,15.0,144.1
津,12R,1-4-2,8.32,17.3,143.9
津,8R,3-4-1,2.83,50.9,143.8
芦屋,10R,3-1-5,2.64,54.5,143.8
三国,8R,5-1-4,1.61,89.0,143.5
芦屋,6R,1-4-3,8.15,17.6,143.4
平和島,9R,4-3-2,1.58,90.4,143.2
平和島,5R,1-2-5,2.60,55.1,143.1
宮島,9R,2-3-5,1.48,96.9,143.0
桐生,3R,2-1-6,2.82,50.6,142.7
宮島,8R,1-5-4,1.71,83.5,142.6
桐生,9R,1-5-4,1.99,71.5,142.6
桐生,1R,4-2-1,2.22,64.2,142.4
多摩川,12R,1-3-2,14.83,9.6,142.4
津,8R,4-1-3,6.41,22.2,142.4
下関,3R,1-5-2,2.89,49.3,142.3
宮島,4R,1-2-5,1.55,91.8,142.2
平和島,1R,4-1-5,2.75,51.7,142.1
三国,3R,1-3-4,2.71,52.3,141.7
津,9R,4-3-2,2.04,69.4,141.7
鳴門,11R,4-1-2,1.68,84.3,141.4
鳴門,9R,3-5-1,2.01,70.2,141.4
桐生,7R,3-1-2,4.53,31.2,141.3
鳴門,7R,4-1-3,1.48,95.2,141.2
住之江,3R,1-5-3,3.94,35.8,140.9
宮島,3R,1-5-3,3.99,35.3,140.9
浜名湖,3R,1-4-3,2.57,54.7,140.8
平和島,5R,5-3-2,1.45,96.9,140.8
三国,9R,2-3-1,1.55,90.8,140.8
三国,11R,1-5-4,1.70,82.8,140.8
平和島,1R,1-4-5,3.26,43.1,140.6
桐生,1R,4-1-5,6.08,23.1,140.5
多摩川,8R,1-2-3,5.90,23.8,140.5
平和島,7R,2-5-4,1.95,71.9,140.4
津,11R,1-4-2,3.32,42.3,140.2
浜名湖,10R,5-1-2,1.82,77.0,140.1
芦屋,7R,3-1-2,2.52,55.5,140.1
多摩川,6R,3-1-2,2.21,63.2,140.0
住之江,8R,1-3-4,19.16,7.3,139.9
芦屋,3R,1-3-2,10.42,13.4,139.7
津,12R,1-2-3,12.47,11.2,139.6
宮島,4R,1-2-3,7.80,17.9,139.6
浜名湖,10R,5-1-3,1.45,96.2,139.4
浜名湖,5R,1-4-2,1.99,70.1,139.4
住之江,10R,4-2-1,1.69,82.3,139.4
多摩川,5R,3-1-5,3.72,37.5,139.3
桐生,11R,1-2-5,3.27,42.6,139.3
下関,3R,2-3-1,1.67,83.1,139.2
桐生,10R,4-3-1,2.12,65.5,139.0
三国,5R,5-1-3,3.17,43.8,138.8
下関,4R,1-3-5,1.66,83.8,138.8
多摩川,8R,1-2-4,2.24,61.8,138.7
津,11R,1-5-4,7.70,18.0,138.5
芦屋,4R,3-1-2,1.84,75.2,138.5
津,12R,1-2-4,9.28,14.9,138.3
桐生,3R,2-3-1,2.07,66.7,138.3
平和島,9R,3-5-1,1.44,95.8,138.2
津,8R,1-4-2,2.80,49.4,138.2
宮島,6R,1-3-4,3.77,36.6,138.0
三国,7R,2-1-5,2.26,61.1,138.0
桐生,9R,1-3-5,1.58,87.4,137.9
下関,11R,1-4-3,2.11,65.2,137.8
多摩川,5R,3-2-4,1.43,96.2,137.8
三国,1R,1-4-3,3.82,36.1,137.8
浜名湖,8R,4-1-5,3.16,43.6,137.7
平和島,8R,1-2-3,2.55,53.9,137.7
宮島,4R,1-3-4,2.80,49.2,137.6
三国,2R,1-5-2,1.90,72.5,137.6
津,11R,3-1-5,2.33,59.1,137.6
浜名湖,1R,1-5-4,3.57,38.5,137.5
住之江,8R,4-3-1,1.43,96.3,137.5
浜名湖,10R,1-2-4,4.05,33.9,137.4
桐生,11R,3-1-2,5.06,27.1,137.2
浜名湖,2R,3-4-1,3.10,44.2,137.2
宮島,10R,4-2-5,1.70,80.5,137.0
多摩川,11R,1-4-2,6.98,19.6,136.9
平和島,3R,2-1-4,3.07,44.5,136.7
平和島,4R,4-1-6,1.76,77.5,136.7
宮島,8R,3-1-4,1.76,77.4,136.6
宮島,4R,1-4-6,1.38,99.2,136.6
下関,1R,3-1-2,2.42,56.4,136.6
多摩川,10R,4-3-1,1.95,70.0,136.4
多摩川,10R,2-1-4,5.75,23.7,136.3
鳴門,6R,4-1-2,2.64,51.5,136.2
芦屋,11R,1-2-5,6.74,20.2,136.2
住之江,9R,1-3-5,14.48,9.4,136.1
浜名湖,12R,1-2-3,16.37,8.3,135.9
平和島,8R,1-3-2,2.37,57.2,135.8
芦屋,11R,1-4-2,10.37,13.1,135.8
三国,12R,1-3-4,5.95,22.8,135.6
鳴門,8R,5-1-4,1.91,70.9,135.5
桐生,7R,1-5-3,2.53,53.5,135.4
下関,5R,4-3-1,1.64,82.6,135.2
宮島,11R,2-1-5,1.78,75.8,135.1
鳴門,2R,1-2-5,4.66,29.0,135.0
平和島,2R,1-5-2,4.91,27.5,135.0
桐生,2R,1-3-4,3.82,35.3,134.9
鳴門,8R,1-2-4,1.78,75.8,134.9
津,6R,4-1-2,1.42,95.1,134.8
平和島,6R,1-3-5,1.77,76.2,134.8
下関,3R,1-2-4,1.88,71.7,134.7
津,6R,1-2-4,3.36,40.1,134.7
住之江,5R,1-2-3,3.74,36.0,134.7
鳴門,10R,5-1-3,2.37,56.8,134.6
芦屋,9R,5-1-2,2.88,46.7,134.5
住之江,4R,1-2-3,3.83,35.1,134.5
住之江,8R,1-4-2,4.26,31.5,134.1
芦屋,3R,1-5-3,9.86,13.6,134.1
鳴門,10R,1-3-2,3.25,41.2,134.1
三国,8R,4-5-1,1.39,96.6,134.0
桐生,6R,1-4-3,10.80,12.4,134.0
宮島,9R,3-2-5,2.52,53.1,133.9
津,6R,1-4-2,2.33,57.4,133.9
浜名湖,10R,1-6-2,2.55,52.5,133.9
下関,8R,1-2-3,2.52,53.0,133.8
津,9R,1-2-3,3.90,34.3,133.8
浜名湖,1R,3-5-1,1.47,90.9,133.7
鳴門,4R,1-2-3,16.51,8.1,133.7
下関,11R,1-3-4,2.29,58.3,133.6
多摩川,4R,2-1-4,1.39,96.0,133.5
浜名湖,2R,4-1-3,1.95,68.4,133.5
三国,5R,1-4-2,2.90,46.0,133.3
桐生,4R,1-5-3,2.10,63.3,133.2
津,5R,2-1-3,2.33,57.0,133.0
下関,8R,3-1-2,2.18,61.0,132.9
津,11R,5-1-4,2.01,66.0,132.9
浜名湖,10R,1-4-2,3.20,41.5,132.8
多摩川,10R,1-4-5,2.07,64.0,132.7
鳴門,6R,2-4-5,1.83,72.6,132.6
住之江,3R,3-1-4,1.62,82.0,132.6
多摩川,11R,1-4-3,6.37,20.8,132.6
芦屋,12R,3-1-4,4.85,27.3,132.5
芦屋,10R,3-1-4,2.18,60.8,132.4
浜名湖,11R,1-2-5,3.81,34.7,132.4
下関,3R,1-3-5,3.19,41.5,132.3
多摩川,2R,1-3-2,2.59,51.1,132.2
三国,8R,1-5-3,1.46,90.3,132.2
平和島,11R,1-5-2,4.18,31.6,132.1
浜名湖,7R,3-1-2,6.11,21.6,132.1
浜名湖,9R,1-2-4,1.54,85.5,131.9
平和島,11R,1-2-5,6.97,18.9,131.7
三国,8R,1-3-2,2.14,61.4,131.7
桐生,8R,4-1-2,1.51,87.3,131.6
多摩川,8R,1-5-3,10.69,12.3,131.5
芦屋,3R,1-2-3,7.78,16.9,131.5
多摩川,4R,4-5-1,2.09,62.9,131.4
浜名湖,5R,1-6-3,5.64,23.3,131.4
下関,1R,2-4-3,1.59,82.6,131.3
宮島,5R,1-2-3,8.35,15.7,131.1
桐生,7R,3-1-4,5.36,24.4,130.9
桐生,9R,1-2-4,4.22,31.0,130.7
鳴門,5R,1-5-3,2.14,61.1,130.5
鳴門,8R,1-4-3,2.56,50.9,130.5
下関,4R,2-1-3,2.70,48.3,130.2
平和島,10R,3-1-4,1.65,78.8,130.1
平和島,8R,3-1-4,1.59,81.8,129.9
桐生,4R,1-2-3,7.91,16.4,129.8
芦屋,7R,1-4-2,7.72,16.8,129.7
住之江,1R,1-4-3,2.05,63.2,129.6
桐生,1R,1-3-4,2.73,47.4,129.6
桐生,2R,1-6-3,3.30,39.2,129.5
住之江,11R,1-3-4,11.56,11.2,129.5
住之江,7R,4-3-2,1.31,99.0,129.4
平和島,1R,1-6-5,1.34,96.2,129.3
宮島,6R,1-2-5,3.26,39.7,129.3
住之江,12R,5-1-3,4.74,27.3,129.3
多摩川,9R,1-3-4,5.77,22.4,129.3
鳴門,10R,5-1-2,1.39,92.7,129.0
宮島,6R,1-6-2,4.34,29.7,129.0
浜名湖,11R,1-2-4,3.92,32.9,128.9
多摩川,3R,1-5-4,1.76,73.3,128.9
多摩川,1R,2-1-3,3.33,38.7,128.9
住之江,3R,2-1-5,1.38,93.7,128.9
宮島,4R,2-1-6,2.64,48.8,128.7
桐生,3R,1-3-4,2.47,52.1,128.5
宮島,4R,3-1-4,1.55,83.1,128.5
宮島,9R,1-3-5,1.99,64.6,128.4
住之江,12R,5-2-1,1.37,93.9,128.3
芦屋,6R,3-2-4,1.50,85.5,128.1
津,7R,4-1-2,2.55,50.2,128.1
下関,2R,4-1-6,1.87,68.4,128.1
津,11R,1-2-4,2.46,52.0,128.0
津,4R,1-2-3,8.64,14.8,127.9
平和島,6R,1-5-3,1.96,65.3,127.8
宮島,5R,4-3-1,1.92,66.5,127.8
浜名湖,11R,1-5-2,5.17,24.7,127.8
平和島,11R,2-1-5,3.48,36.7,127.6
下関,4R,3-1-2,1.32,96.7,127.6
浜名湖,7R,1-4-2,2.15,59.3,127.5
宮島,10R,2-5-1,3.52,36.2,127.5
多摩川,5R,3-1-6,2.92,43.6,127.4
桐生,4R,3-1-6,1.80,70.6,127.3
浜名湖,2R,4-3-1,1.81,70.1,127.1
多摩川,4R,1-2-4,2.32,54.8,127.0
下関,10R,1-2-4,3.30,38.5,126.9
宮島,10R,1-4-2,2.41,52.5,126.7
平和島,12R,1-3-2,22.21,5.7,126.6
住之江,4R,1-4-5,1.49,85.0,126.6
三国,7R,1-4-2,6.56,19.3,126.6
浜名湖,11R,2-1-4,1.34,94.7,126.5
三国,6R,3-1-2,1.71,74.1,126.4
下関,8R,2-3-1,1.45,87.2,126.2
三国,12R,1-5-3,2.91,43.4,126.1
平和島,8R,2-1-4,2.28,55.2,126.1
桐生,4R,1-6-4,3.23,39.0,126.0
平和島,2R,3-1-2,1.48,85.1,126.0
芦屋,10R,4-5-1,2.78,45.3,125.9
桐生,3R,3-1-6,1.41,89.2,125.7
鳴門,11R,2-3-1,2.01,62.4,125.6
三国,5R,4-5-1,1.28,97.9,125.5
津,9R,4-2-3,2.26,55.5,125.4
桐生,12R,3-1-4,2.61,48.0,125.3
桐生,1R,1-5-2,1.91,65.7,125.2
平和島,11R,3-1-2,2.64,47.3,125.1
宮島,5R,3-1-2,5.43,23.0,125.0
芦屋,8R,4-5-1,2.00,62.4,125.0
鳴門,8R,4-3-5,1.73,72.2,124.8
住之江,6R,1-2-4,3.27,38.1,124.8
津,3R,1-2-5,3.25,38.3,124.7
浜名湖,3R,1-2-4,2.38,52.3,124.6
桐生,9R,1-3-6,3.91,31.9,124.6
下関,1R,2-1-4,4.14,30.0,124.3
津,7R,1-4-5,5.45,22.8,124.3
下関,2R,1-2-3,2.15,57.8,124.2
平和島,3R,2-5-1,5.33,23.3,124.2
鳴門,12R,1-4-2,3.26,38.1,124.2
下関,4R,1-5-3,1.87,66.1,123.9
宮島,6R,1-4-6,6.42,19.3,123.9
浜名湖,10R,1-5-6,2.38,52.0,123.7
宮島,9R,4-2-3,1.31,94.2,123.5
三国,2R,1-3-2,15.61,7.9,123.3
芦屋,2R,1-2-3,2.01,61.4,123.3
浜名湖,9R,1-6-2,1.24,99.5,123.2
宮島,7R,3-1-5,1.52,80.9,123.1
桐生,2R,2-1-6,2.37,51.8,123.0
津,5R,1-2-5,4.59,26.8,123.0
多摩川,6R,3-4-1,2.17,56.6,122.8
下関,7R,2-5-1,5.20,23.6,122.7
多摩川,10R,4-1-5,1.46,84.0,122.6
鳴門,5R,1-4-2,10.84,11.3,122.5
宮島,5R,1-3-2,9.00,13.6,122.4
宮島,12R,1-4-3,6.41,19.1,122.4
三国,5R,5-4-1,1.49,82.2,122.2
津,1R,1-2-4,2.03,60.1,121.9
平和島,11R,2-4-1,1.46,83.7,121.9
浜名湖,7R,1-3-4,11.83,10.3,121.8
宮島,9R,3-4-1,4.82,25.3,121.8
三国,8R,2-1-3,2.45,49.7,121.8
宮島,6R,1-5-6,1.44,84.6,121.7
三国,1R,1-2-3,16.00,7.6,121.6
宮島,6R,1-2-6,5.24,23.2,121.6
下関,2R,6-1-4,1.78,68.4,121.5
桐生,1R,1-2-5,1.80,67.6,121.4
下関,3R,1-5-4,1.23,98.7,121.3
平和島,5R,4-1-2,1.25,96.9,121.1
浜名湖,7R,3-2-1,1.46,82.8,121.0
平和島,5R,5-2-1,3.91,30.9,121.0
下関,1R,1-4-2,5.64,21.4,120.7
桐生,1R,1-5-3,1.39,87.1,120.7
桐生,11R,1-2-4,4.40,27.4,120.6
下関,3R,2-1-5,2.06,58.5,120.6
下関,11R,1-2-5,12.55,9.6,120.5
住之江,10R,2-1-3,2.88,41.8,120.4
平和島,9R,1-3-5,1.36,88.7,120.3
浜名湖,8R,1-5-2,1.28,93.6,120.2
津,10R,1-5-2,2.18,55.2,120.2
津,10R,3-1-5,4.94,24.3,120.1
桐生,10R,3-1-5,2.53,47.4,120.1
