date,stadium,race,combo,prob%,odds_at_scan,result_combo,hit,payout,pnl
20260707,18,11,4-1-3,6.57,97.6,1-4-2,×,0,-100
20260707,05,7,4-1-2,7.68,77.6,4-2-5,×,0,-100
20260707,05,7,4-2-1,7.54,76.3,4-2-5,×,0,-100
20260707,10,11,4-1-3,5.77,98.5,6-2-1,×,0,-100
20260707,12,2,2-1-3,7.97,64.1,1-2-3,×,0,-100
20260707,10,7,1-4-2,6.57,77.8,1-3-2,×,0,-100
20260707,20,3,1-2-4,5.29,93.4,1-3-2,×,0,-100
20260707,18,11,4-1-2,5.03,90.0,1-4-2,×,0,-100
20260707,12,2,2-1-4,4.61,97.2,1-2-3,×,0,-100
20260707,12,12,3-1-2,5.0,86.7,2-3-1,×,0,-100
20260707,08,7,1-2-3,5.64,75.2,6-4-2,×,0,-100
20260707,20,2,3-4-1,6.98,59.7,2-1-6,×,0,-100
20260707,01,7,1-4-3,6.58,63.2,1-3-5,×,0,-100
20260707,18,1,2-1-4,5.57,72.1,1-3-4,×,0,-100
20260707,12,11,3-2-1,5.12,77.6,2-4-5,×,0,-100
20260707,20,3,2-1-4,6.46,61.5,1-3-2,×,0,-100
20260707,20,2,3-1-4,6.73,57.1,2-1-6,×,0,-100
20260707,13,2,3-1-2,4.07,94.3,1-2-4,×,0,-100
20260707,12,11,2-3-1,4.71,80.9,2-4-5,×,0,-100
20260707,20,12,3-1-5,5.62,67.8,1-3-2,×,0,-100
20260707,01,6,2-1-3,4.76,78.8,1-3-2,×,0,-100
20260707,13,3,2-3-1,3.95,94.2,2-1-3,×,0,-100
20260707,05,10,4-1-3,5.0,74.2,3-1-6,×,0,-100
20260707,04,1,2-1-5,4.4,83.8,6-2-3,×,0,-100
20260707,24,12,3-2-1,3.72,99.0,1-2-3,×,0,-100
20260707,12,8,4-1-2,5.5,66.9,1-3-4,×,0,-100
20260707,11,10,2-1-3,6.76,54.3,3-1-4,×,0,-100
20260707,04,2,1-5-2,3.93,92.4,1-5-2,○,9240,9140
20260707,04,2,1-4-5,5.13,69.8,1-5-2,×,0,-100
20260707,18,7,4-1-3,6.32,56.5,3-5-4,×,0,-100
20260707,02,12,3-1-2,5.23,67.9,1-3-5,×,0,-100
20260707,20,2,4-3-2,4.01,87.2,2-1-6,×,0,-100
20260707,20,2,1-4-3,3.85,90.7,2-1-6,×,0,-100
20260707,08,10,1-2-5,5.04,68.9,3-1-2,×,0,-100
20260707,12,2,3-1-2,3.78,91.8,1-2-3,×,0,-100
20260707,24,7,2-1-4,4.12,83.6,4-1-5,×,0,-100
20260707,02,12,2-1-3,4.57,75.2,1-3-5,×,0,-100
20260707,18,7,4-3-1,7.22,47.6,3-5-4,×,0,-100
20260707,05,3,3-1-2,5.18,65.9,1-5-3,×,0,-100
20260707,05,9,3-1-2,5.76,58.7,3-5-6,×,0,-100
20260707,08,5,3-1-2,9.05,37.3,4-5-6,×,0,-100
20260707,08,5,3-1-4,3.66,92.2,4-5-6,×,0,-100
20260707,13,9,2-3-1,3.86,87.0,3-1-5,×,0,-100
20260707,20,12,3-1-4,7.82,42.9,1-3-2,×,0,-100
20260707,10,7,1-2-4,7.44,44.9,1-3-2,×,0,-100
20260707,05,1,1-4-2,5.89,56.1,4-1-5,×,0,-100
20260707,04,1,2-1-3,4.47,72.7,6-2-3,×,0,-100
20260707,01,8,3-1-5,3.97,81.9,1-2-3,×,0,-100
20260707,12,11,3-2-4,3.78,85.8,2-4-5,×,0,-100
20260707,02,8,2-1-3,7.57,42.6,2-3-1,×,0,-100
20260707,10,11,1-4-3,7.77,41.5,6-2-1,×,0,-100
20260707,13,3,3-2-1,4.39,73.5,2-1-3,×,0,-100
20260707,01,5,2-1-3,5.26,61.0,6-1-5,×,0,-100
20260707,08,7,1-3-2,3.91,81.3,6-4-2,×,0,-100
20260707,10,10,4-3-1,3.52,90.2,3-5-1,×,0,-100
20260707,04,7,1-5-3,4.51,70.3,1-6-4,×,0,-100
20260707,02,10,2-1-3,10.86,29.2,2-1-5,×,0,-100
20260707,13,10,3-4-1,3.31,94.6,1-3-6,×,0,-100
20260707,08,7,3-2-1,3.18,97.6,6-4-2,×,0,-100
20260707,11,12,4-1-2,3.48,89.1,1-3-5,×,0,-100
20260707,08,10,1-5-3,5.14,60.2,3-1-2,×,0,-100
20260707,08,12,2-1-4,5.24,58.8,1-6-2,×,0,-100
20260707,18,3,2-1-3,3.48,88.4,6-1-4,×,0,-100
20260707,05,8,1-2-3,9.07,33.9,3-1-6,×,0,-100
20260707,24,4,4-1-2,11.38,26.9,4-1-5,×,0,-100
20260707,10,9,3-1-2,9.86,31.0,1-5-6,×,0,-100
20260707,13,3,2-1-3,5.01,60.8,2-1-3,○,6080,5980
20260707,12,7,1-5-4,5.4,56.0,4-5-3,×,0,-100
20260707,24,12,2-1-4,4.41,68.3,1-2-3,×,0,-100
20260707,05,4,4-5-2,3.49,86.4,2-1-6,×,0,-100
20260707,11,8,4-1-2,5.06,59.3,1-2-3,×,0,-100
20260707,02,10,2-1-4,5.9,50.7,2-1-5,×,0,-100
20260707,12,4,3-1-2,5.94,50.3,1-2-3,×,0,-100
20260707,04,9,4-3-1,4.39,67.6,1-4-3,×,0,-100
20260707,20,5,3-1-2,3.33,89.0,2-1-3,×,0,-100
20260707,08,4,4-1-5,5.09,58.2,1-3-5,×,0,-100
20260707,24,9,3-1-2,2.96,99.6,1-2-3,×,0,-100
20260707,04,12,4-3-1,3.27,90.1,1-3-2,×,0,-100
20260707,12,7,1-4-3,10.78,27.3,4-5-3,×,0,-100
20260707,10,5,1-4-2,4.15,70.8,4-1-2,×,0,-100
20260707,24,6,4-1-2,5.48,53.5,2-3-1,×,0,-100
20260707,13,8,1-5-4,6.31,46.4,1-6-4,×,0,-100
20260707,05,8,1-3-2,11.68,24.7,3-1-6,×,0,-100
20260707,04,4,1-5-3,3.1,92.3,3-4-1,×,0,-100
20260707,02,11,4-1-2,4.87,58.6,1-2-4,×,0,-100
20260707,05,3,2-3-1,3.11,91.6,1-5-3,×,0,-100
20260707,20,6,1-4-3,6.22,45.7,6-3-1,×,0,-100
20260707,10,11,1-3-4,6.99,40.6,6-2-1,×,0,-100
20260707,10,12,1-2-5,14.85,19.1,1-2-4,×,0,-100
20260707,24,12,2-1-3,4.51,62.6,1-2-3,×,0,-100
20260707,05,6,4-1-3,7.8,36.2,5-4-1,×,0,-100
20260707,04,7,3-1-5,2.87,98.3,1-6-4,×,0,-100
20260707,10,12,1-5-2,10.8,26.1,1-2-4,×,0,-100
20260707,11,10,2-3-1,3.57,79.0,3-1-4,×,0,-100
20260707,01,2,4-1-3,3.48,80.8,3-2-5,×,0,-100
20260707,04,7,1-3-5,6.23,45.1,1-6-4,×,0,-100
20260707,20,10,2-1-4,3.48,80.8,1-4-3,×,0,-100
20260707,05,3,3-2-1,3.61,77.6,1-5-3,×,0,-100
20260707,13,3,3-1-2,6.5,42.9,2-1-3,×,0,-100
20260707,13,9,2-1-3,4.94,56.2,3-1-5,×,0,-100
20260707,13,10,1-4-3,12.79,21.7,1-3-6,×,0,-100
20260707,04,9,4-1-3,5.94,46.4,1-4-3,×,0,-100
20260707,08,4,4-3-1,2.99,92.2,1-3-5,×,0,-100
20260707,08,4,5-1-4,3.25,84.8,1-3-5,×,0,-100
20260707,01,9,1-4-3,6.34,43.4,3-6-4,×,0,-100
20260707,11,12,2-1-4,5.34,51.5,1-3-5,×,0,-100
20260707,20,12,3-1-2,4.24,64.5,1-3-2,×,0,-100
20260707,12,3,1-3-4,6.15,44.4,4-6-2,×,0,-100
20260707,01,6,3-1-2,6.96,39.2,1-3-2,×,0,-100
20260707,13,4,4-1-3,7.15,38.1,4-5-3,×,0,-100
20260707,08,3,3-1-2,2.9,93.2,1-6-2,×,0,-100
20260707,05,1,1-2-4,10.36,26.1,4-1-5,×,0,-100
20260707,08,6,1-4-5,7.17,37.6,4-1-2,×,0,-100
20260707,04,12,3-4-1,3.74,71.9,1-3-2,×,0,-100
20260707,11,5,2-1-4,4.39,61.0,1-2-5,×,0,-100
20260707,13,4,4-3-1,3.71,72.2,4-5-3,×,0,-100
20260707,20,8,1-3-4,8.51,31.4,2-6-1,×,0,-100
20260707,24,12,1-4-2,2.81,95.1,1-2-3,×,0,-100
20260707,20,1,2-4-1,3.69,72.2,2-3-4,×,0,-100
20260707,12,3,1-4-3,8.72,30.5,4-6-2,×,0,-100
20260707,20,4,3-2-1,11.12,23.9,3-5-2,×,0,-100
20260707,24,6,1-4-2,5.3,49.8,2-3-1,×,0,-100
20260707,08,5,3-2-1,3.65,72.2,4-5-6,×,0,-100
20260707,01,7,1-3-4,14.68,17.9,1-3-5,×,0,-100
20260707,12,10,3-1-5,3.12,84.1,1-2-5,×,0,-100
20260707,13,5,3-2-1,3.05,86.0,3-1-2,×,0,-100
20260707,04,12,3-4-2,2.7,97.1,1-3-2,×,0,-100
20260707,24,12,2-3-1,4.55,57.5,1-2-3,×,0,-100
20260707,05,4,4-1-5,3.55,73.5,2-1-6,×,0,-100
20260707,04,12,3-1-4,4.47,58.4,1-3-2,×,0,-100
20260707,04,2,4-1-5,2.85,91.4,1-5-2,×,0,-100
20260707,10,6,2-1-4,2.88,90.4,5-1-6,×,0,-100
20260707,10,10,4-1-3,3.16,82.1,3-5-1,×,0,-100
20260707,24,4,4-1-5,10.96,23.6,4-1-5,○,2360,2260
20260707,13,6,1-2-3,7.51,34.4,1-5-6,×,0,-100
20260707,05,4,2-4-5,3.66,69.9,2-1-6,×,0,-100
20260707,13,11,1-5-2,6.55,38.8,4-5-2,×,0,-100
20260707,05,4,4-2-5,4.68,54.3,2-1-6,×,0,-100
20260707,02,12,3-1-4,2.76,92.0,1-3-5,×,0,-100
20260707,13,2,2-3-1,6.53,38.8,1-2-4,×,0,-100
20260707,02,2,3-1-2,4.0,63.1,5-1-4,×,0,-100
20260707,08,7,2-3-1,4.19,60.2,6-4-2,×,0,-100
20260707,13,9,3-2-1,3.27,77.1,3-1-5,×,0,-100
20260707,11,5,4-1-2,3.83,65.8,1-2-5,×,0,-100
20260707,12,7,1-4-5,6.51,38.6,4-5-3,×,0,-100
20260707,05,9,1-3-2,16.24,15.4,3-5-6,×,0,-100
20260707,08,1,1-4-3,4.35,57.2,2-6-4,×,0,-100
20260707,18,7,1-4-3,4.89,50.9,3-5-4,×,0,-100
20260707,18,3,1-3-2,19.25,12.9,6-1-4,×,0,-100
20260707,08,2,3-2-1,2.54,97.8,3-2-1,○,9780,9680
20260707,12,8,1-4-2,14.91,16.6,1-3-4,×,0,-100
20260707,20,1,2-1-4,7.53,32.7,2-3-4,×,0,-100
20260707,11,1,3-1-4,2.99,82.3,1-5-3,×,0,-100
20260707,12,11,3-4-2,3.23,76.1,2-4-5,×,0,-100
20260707,24,12,4-3-2,2.86,86.0,1-2-3,×,0,-100
20260707,18,8,1-4-3,7.08,34.7,1-3-4,×,0,-100
20260707,01,5,2-1-4,6.23,39.4,6-1-5,×,0,-100
20260707,08,8,2-1-3,14.86,16.5,2-3-6,×,0,-100
20260707,10,2,1-4-2,6.25,39.2,6-2-3,×,0,-100
20260707,10,6,1-4-2,2.57,95.5,5-1-6,×,0,-100
20260707,11,3,1-5-4,3.48,70.4,1-3-4,×,0,-100
20260707,18,4,1-6-2,3.62,67.3,5-4-1,×,0,-100
20260707,05,2,4-1-2,3.74,65.1,1-4-6,×,0,-100
20260707,04,1,2-3-1,3.26,74.4,6-2-3,×,0,-100
20260707,18,2,1-5-4,10.98,22.1,1-3-2,×,0,-100
20260707,13,10,3-1-4,6.86,35.2,1-3-6,×,0,-100
20260707,08,6,4-1-3,3.67,65.6,4-1-2,×,0,-100
20260707,10,7,1-2-3,3.94,60.6,1-3-2,×,0,-100
20260707,01,1,1-2-4,4.09,58.3,2-6-4,×,0,-100
20260707,08,2,1-4-3,4.0,59.6,3-2-1,×,0,-100
20260707,18,11,3-1-4,3.21,74.3,1-4-2,×,0,-100
20260707,02,3,3-2-4,2.5,95.5,4-6-2,×,0,-100
20260707,18,11,4-1-5,2.59,91.9,1-4-2,×,0,-100
20260707,11,4,1-4-3,9.02,26.4,4-2-6,×,0,-100
20260707,05,3,1-3-2,5.91,40.3,1-5-3,×,0,-100
20260707,08,8,1-2-3,8.26,28.8,2-3-6,×,0,-100
20260707,20,9,4-1-5,2.9,81.8,1-3-2,×,0,-100
20260707,10,4,1-4-3,3.64,65.1,1-5-2,×,0,-100
20260707,01,6,3-1-4,3.73,63.4,1-3-2,×,0,-100
20260707,05,2,4-2-1,4.44,52.9,1-4-6,×,0,-100
20260707,05,7,2-4-1,8.07,29.0,4-2-5,×,0,-100
20260707,10,7,1-4-6,3.5,66.9,1-3-2,×,0,-100
20260707,24,2,4-1-3,5.99,39.0,1-4-3,×,0,-100
20260707,13,12,2-3-1,3.4,68.6,1-2-4,×,0,-100
20260707,13,7,1-5-4,7.11,32.6,1-4-5,×,0,-100
20260707,13,1,5-3-1,2.53,91.5,2-1-5,×,0,-100
20260707,04,3,4-3-1,3.86,60.0,3-4-6,×,0,-100
20260707,08,8,2-1-4,7.24,32.0,2-3-6,×,0,-100
20260707,12,7,1-4-2,4.69,49.3,4-5-3,×,0,-100
20260707,12,9,2-1-4,6.21,37.1,1-2-3,×,0,-100
20260707,11,10,1-2-5,3.83,60.1,3-1-4,×,0,-100
20260707,24,12,2-4-1,4.4,52.3,1-2-3,×,0,-100
20260707,12,5,2-1-6,3.01,76.2,2-1-5,×,0,-100
20260707,20,9,1-4-2,10.19,22.5,1-3-2,×,0,-100
20260707,05,8,1-5-3,5.58,41.1,3-1-6,×,0,-100
20260707,13,8,1-5-2,6.79,33.7,1-6-4,×,0,-100
20260707,08,11,1-5-4,5.13,44.5,1-2-6,×,0,-100
20260707,04,5,3-1-2,5.64,40.4,2-3-5,×,0,-100
20260707,05,5,1-5-2,2.48,91.6,1-3-5,×,0,-100
20260707,11,4,4-1-3,2.78,81.6,4-2-6,×,0,-100
20260707,05,6,4-3-1,8.17,27.8,5-4-1,×,0,-100
20260707,08,7,2-1-6,3.16,71.7,6-4-2,×,0,-100
20260707,13,8,1-4-5,6.49,34.9,1-6-4,×,0,-100
20260707,10,5,2-1-4,4.65,48.7,4-1-2,×,0,-100
20260707,02,3,3-4-2,2.7,83.8,4-6-2,×,0,-100
20260707,18,9,1-4-3,4.83,46.8,3-1-5,×,0,-100
20260707,18,3,1-2-3,9.3,24.3,6-1-4,×,0,-100
20260707,20,2,4-2-3,2.55,88.4,2-1-6,×,0,-100
20260707,08,4,5-4-1,2.71,83.1,1-3-5,×,0,-100
20260707,11,2,1-5-3,3.45,65.2,1-4-3,×,0,-100
20260707,04,4,1-3-5,5.52,40.7,3-4-1,×,0,-100
20260707,01,5,2-1-5,7.8,28.8,6-1-5,×,0,-100
20260707,11,1,3-1-2,2.78,80.8,1-5-3,×,0,-100
20260707,02,11,4-1-3,4.35,51.5,1-2-4,×,0,-100
20260707,08,6,2-1-4,2.27,98.6,4-1-2,×,0,-100
20260707,20,3,1-5-2,2.84,79.0,1-3-2,×,0,-100
20260707,01,2,1-3-5,3.12,71.8,3-2-5,×,0,-100
20260707,05,8,1-2-4,2.86,77.4,3-1-6,×,0,-100
20260707,01,5,1-2-3,3.65,60.6,6-1-5,×,0,-100
20260707,05,11,1-4-3,4.6,48.1,5-3-2,×,0,-100
20260707,11,1,1-4-3,6.56,33.7,1-5-3,×,0,-100
20260707,05,3,2-1-3,3.6,61.3,1-5-3,×,0,-100
20260707,18,5,1-4-3,6.68,33.0,1-3-5,×,0,-100
20260707,18,11,1-5-4,2.35,93.5,1-4-2,×,0,-100
20260707,24,8,1-3-2,7.22,30.4,2-1-5,×,0,-100
20260707,08,10,1-2-3,8.5,25.8,3-1-2,×,0,-100
20260707,02,1,2-1-4,3.16,69.3,4-1-5,×,0,-100
20260707,20,2,1-3-4,5.16,42.4,2-1-6,×,0,-100
20260707,05,4,1-4-5,2.6,84.0,2-1-6,×,0,-100
20260707,08,10,1-3-2,9.13,23.8,3-1-2,×,0,-100
20260707,01,4,3-1-2,2.4,90.4,2-3-4,×,0,-100
20260707,01,4,3-2-1,3.46,62.7,2-3-4,×,0,-100
20260707,12,12,2-1-3,4.56,47.5,2-3-1,×,0,-100
20260707,05,7,1-4-2,8.33,26.0,4-2-5,×,0,-100
20260707,20,6,1-3-5,6.73,32.2,6-3-1,×,0,-100
20260707,04,8,4-1-2,2.35,92.3,2-1-5,×,0,-100
20260707,01,5,1-2-5,5.41,40.0,6-1-5,×,0,-100
20260707,05,8,1-4-3,3.92,55.2,3-1-6,×,0,-100
20260707,13,3,4-1-3,2.57,84.2,2-1-3,×,0,-100
20260707,24,3,4-2-1,2.35,91.6,2-5-4,×,0,-100
20260707,04,9,3-4-1,4.83,44.6,1-4-3,×,0,-100
20260707,10,9,1-3-2,14.16,15.2,1-5-6,×,0,-100
20260707,04,3,4-1-3,3.06,70.1,3-4-6,×,0,-100
20260707,04,7,1-4-3,3.43,62.4,1-6-4,×,0,-100
20260707,24,6,4-2-1,5.93,36.1,2-3-1,×,0,-100
20260707,08,2,1-3-4,4.08,52.3,3-2-1,×,0,-100
20260707,12,11,4-1-3,2.35,90.6,2-4-5,×,0,-100
20260707,24,4,1-4-5,9.52,22.4,4-1-5,×,0,-100
20260707,04,7,1-3-2,5.29,40.3,1-6-4,×,0,-100
20260707,20,10,2-4-1,2.28,93.4,1-4-3,×,0,-100
20260707,04,1,1-2-3,4.39,48.4,6-2-3,×,0,-100
20260707,24,12,1-2-4,3.59,59.1,1-2-3,×,0,-100
20260707,20,4,3-1-2,12.11,17.5,3-5-2,×,0,-100
20260707,08,5,2-3-1,3.0,70.7,4-5-6,×,0,-100
20260707,12,8,1-2-4,10.53,20.1,1-3-4,×,0,-100
20260707,04,4,3-1-2,5.87,36.0,3-4-1,×,0,-100
20260707,18,11,1-4-3,12.15,17.4,1-4-2,×,0,-100
20260707,20,8,1-5-3,5.47,38.4,2-6-1,×,0,-100
20260707,10,12,5-1-2,2.64,79.7,1-2-4,×,0,-100
20260707,10,10,3-2-1,3.78,55.6,3-5-1,×,0,-100
20260707,02,1,4-1-2,4.27,49.1,4-1-5,×,0,-100
20260707,20,3,1-2-5,6.98,30.0,1-3-2,×,0,-100
20260707,12,4,1-3-5,2.14,97.7,1-2-3,×,0,-100
20260707,01,8,5-1-3,3.89,53.6,1-2-3,×,0,-100
20260707,11,4,3-1-4,3.53,59.2,4-2-6,×,0,-100
20260707,08,10,1-5-6,3.19,65.3,3-1-2,×,0,-100
20260707,11,1,1-3-5,2.87,72.4,1-5-3,×,0,-100
20260707,24,1,5-3-2,2.19,94.8,3-4-1,×,0,-100
20260707,24,1,3-2-1,3.3,63.1,3-4-1,×,0,-100
20260707,11,12,2-1-5,2.98,69.6,1-3-5,×,0,-100
20260707,13,6,1-5-3,2.08,99.5,1-5-6,×,0,-100
20260707,13,5,3-5-1,2.86,72.4,3-1-2,×,0,-100
20260707,04,7,1-3-4,5.02,41.2,1-6-4,×,0,-100
20260707,08,11,1-5-2,7.52,27.5,1-2-6,×,0,-100
20260707,20,4,2-3-1,10.14,20.4,3-5-2,×,0,-100
20260707,24,1,5-3-1,2.08,99.6,3-4-1,×,0,-100
20260707,24,12,1-3-2,2.9,71.3,1-2-3,×,0,-100
20260707,12,3,1-3-2,4.34,47.6,4-6-2,×,0,-100
20260707,11,1,1-3-4,7.88,26.2,1-5-3,×,0,-100
20260707,11,7,1-4-2,4.92,42.0,2-3-4,×,0,-100
20260707,02,9,3-1-2,5.01,41.2,3-5-1,×,0,-100
20260707,05,2,5-2-1,2.3,89.5,1-4-6,×,0,-100
20260707,11,6,4-3-2,2.12,97.1,3-2-4,×,0,-100
20260707,18,5,1-4-2,6.87,29.9,1-3-5,×,0,-100
20260707,08,6,4-1-2,5.15,39.8,4-1-2,○,3980,3880
20260707,12,1,3-1-4,2.05,99.7,1-3-4,×,0,-100
20260707,02,9,2-1-3,2.41,85.0,3-5-1,×,0,-100
20260707,02,4,1-2-4,2.66,76.8,1-5-6,×,0,-100
20260707,13,6,1-5-4,2.7,75.8,1-5-6,×,0,-100
20260707,13,3,2-1-4,2.64,77.5,2-1-3,×,0,-100
20260707,20,3,2-5-1,4.24,48.0,1-3-2,×,0,-100
20260707,02,2,3-1-4,2.97,68.4,5-1-4,×,0,-100
20260707,01,1,1-2-3,5.46,37.2,2-6-4,×,0,-100
20260707,04,4,1-3-2,8.3,24.4,3-4-1,×,0,-100
20260707,18,8,4-3-1,2.25,90.0,1-3-4,×,0,-100
20260707,24,6,4-1-3,3.22,62.9,2-3-1,×,0,-100
20260707,02,8,2-3-1,2.66,76.1,2-3-1,○,7610,7510
20260707,04,12,2-4-1,2.05,98.7,1-3-2,×,0,-100
20260707,10,6,1-2-4,4.58,44.1,5-1-6,×,0,-100
20260707,18,8,1-5-3,4.13,48.8,1-3-4,×,0,-100
20260707,05,9,1-2-3,8.65,23.3,3-5-6,×,0,-100
20260707,12,12,1-5-3,3.1,64.8,2-3-1,×,0,-100
20260707,18,10,4-2-1,4.95,40.4,2-1-6,×,0,-100
20260707,05,4,4-2-1,7.4,27.0,2-1-6,×,0,-100
20260707,12,7,3-1-4,2.27,87.8,4-5-3,×,0,-100
20260707,08,8,1-2-4,4.02,49.6,2-3-6,×,0,-100
20260707,11,3,1-5-3,4.32,46.0,1-3-4,×,0,-100
20260707,10,1,1-4-2,4.85,40.9,3-1-6,×,0,-100
20260707,24,4,5-1-4,1.99,99.9,4-1-5,×,0,-100
20260707,02,2,4-1-2,2.28,87.0,5-1-4,×,0,-100
20260707,11,8,1-4-2,4.38,45.2,1-2-3,×,0,-100
20260707,08,2,1-3-2,4.73,41.6,3-2-1,×,0,-100
20260707,05,6,1-4-3,7.61,25.8,5-4-1,×,0,-100
20260707,05,2,5-1-2,1.97,99.4,1-4-6,×,0,-100
20260707,24,4,1-4-2,9.89,19.8,4-1-5,×,0,-100
20260707,05,10,1-4-3,11.93,16.4,3-1-6,×,0,-100
20260707,02,5,1-5-2,4.89,39.9,4-1-2,×,0,-100
20260707,10,6,2-1-5,8.22,23.7,5-1-6,×,0,-100
20260707,18,6,3-1-2,2.39,81.5,1-5-2,×,0,-100
20260707,11,1,1-3-2,7.31,26.6,1-5-3,×,0,-100
20260707,08,11,1-4-2,10.62,18.3,1-2-6,×,0,-100
20260707,02,7,1-3-2,6.45,30.1,5-4-1,×,0,-100
20260707,08,8,2-4-1,2.54,76.2,2-3-6,×,0,-100
20260707,04,9,3-1-2,4.26,45.4,1-4-3,×,0,-100
20260707,02,3,3-4-1,2.34,82.4,4-6-2,×,0,-100
20260707,04,11,4-1-2,4.28,45.0,1-2-5,×,0,-100
20260707,02,7,1-2-3,4.82,39.9,5-4-1,×,0,-100
20260707,12,6,1-5-4,12.65,15.2,1-5-2,×,0,-100
20260707,24,10,1-5-3,7.28,26.4,1-3-4,×,0,-100
20260707,12,11,3-1-2,5.08,37.8,2-4-5,×,0,-100
20260707,11,11,4-1-3,3.51,54.6,1-6-4,×,0,-100
20260707,24,12,3-4-2,2.88,66.4,1-2-3,×,0,-100
20260707,24,3,5-2-4,4.03,47.5,2-5-4,×,0,-100
20260707,01,5,1-5-2,1.92,99.5,6-1-5,×,0,-100
20260707,05,1,1-4-5,2.75,69.3,4-1-5,×,0,-100
20260707,12,11,4-1-2,1.99,96.0,2-4-5,×,0,-100
20260707,24,6,1-2-4,5.49,34.7,2-3-1,×,0,-100
20260707,01,9,3-4-1,5.63,33.8,3-6-4,×,0,-100
20260707,01,5,1-2-4,4.32,44.0,6-1-5,×,0,-100
20260707,01,4,4-2-1,3.23,58.7,2-3-4,×,0,-100
20260707,20,11,1-4-2,12.47,15.2,1-4-3,×,0,-100
20260707,13,6,1-2-4,9.72,19.5,1-5-6,×,0,-100
20260707,11,2,1-5-2,7.28,26.0,1-4-3,×,0,-100
20260707,12,6,1-4-2,2.93,64.7,1-5-2,×,0,-100
20260707,18,1,4-1-2,6.71,28.2,1-3-4,×,0,-100
20260707,24,4,1-5-4,3.31,57.2,4-1-5,×,0,-100
20260707,13,12,2-1-3,12.04,15.7,1-2-4,×,0,-100
20260707,05,4,4-1-2,6.68,28.3,2-1-6,×,0,-100
20260707,12,11,3-4-1,3.19,59.2,2-4-5,×,0,-100
20260707,24,3,2-5-1,3.68,51.2,2-5-4,×,0,-100
20260707,11,11,4-1-2,6.62,28.4,1-6-4,×,0,-100
20260707,10,12,2-1-4,2.07,90.5,1-2-4,×,0,-100
20260707,01,2,1-2-3,3.45,54.4,3-2-5,×,0,-100
20260707,08,8,2-3-1,6.03,31.1,2-3-6,×,0,-100
20260707,18,11,1-4-5,4.79,39.1,1-4-2,×,0,-100
20260707,08,9,4-1-2,10.59,17.7,6-1-2,×,0,-100
20260707,01,2,3-1-2,1.99,94.2,3-2-5,×,0,-100
20260707,04,8,1-4-5,10.28,18.2,2-1-5,×,0,-100
20260707,20,6,3-1-5,4.93,37.9,6-3-1,×,0,-100
20260707,01,2,1-4-2,3.79,49.3,3-2-5,×,0,-100
20260707,01,12,4-1-2,4.79,39.0,1-4-2,×,0,-100
20260707,01,1,2-4-1,5.02,37.2,2-6-4,×,0,-100
20260707,18,9,1-5-4,4.78,39.0,3-1-5,×,0,-100
20260707,01,10,1-5-2,2.78,66.9,1-3-4,×,0,-100
20260707,02,11,1-4-2,9.89,18.8,1-2-4,×,0,-100
20260707,20,3,2-1-5,8.53,21.8,1-3-2,×,0,-100
20260707,01,10,1-4-2,4.7,39.5,1-3-4,×,0,-100
20260707,13,4,4-1-5,3.39,54.8,4-5-3,×,0,-100
20260707,11,6,3-1-2,5.15,35.9,3-2-4,×,0,-100
20260707,13,8,1-5-3,2.68,68.9,1-6-4,×,0,-100
20260707,13,5,3-1-2,8.05,22.9,3-1-2,○,2290,2190
20260707,08,3,2-1-3,4.47,41.2,1-6-2,×,0,-100
20260707,11,8,4-1-3,11.29,16.3,1-2-3,×,0,-100
20260707,01,2,1-3-2,4.7,39.1,3-2-5,×,0,-100
20260707,11,5,2-1-5,2.02,90.8,1-2-5,×,0,-100
20260707,02,11,2-1-4,4.09,44.9,1-2-4,×,0,-100
20260707,11,2,1-3-5,2.34,78.2,1-4-3,×,0,-100
20260707,02,10,2-1-6,2.21,82.8,2-1-5,×,0,-100
20260707,18,2,1-5-2,5.73,31.9,1-3-2,×,0,-100
20260707,05,5,4-1-2,4.02,45.4,1-3-5,×,0,-100
20260707,13,1,3-2-1,2.83,64.4,2-1-5,×,0,-100
20260707,24,9,1-4-3,3.57,51.0,1-2-3,×,0,-100
20260707,04,4,4-1-3,2.91,62.7,3-4-1,×,0,-100
20260707,20,7,4-1-2,4.94,36.9,3-4-1,×,0,-100
20260707,10,5,1-2-4,8.89,20.4,4-1-2,×,0,-100
20260707,13,1,5-1-3,2.23,81.3,2-1-5,×,0,-100
20260707,10,1,1-4-3,6.92,26.2,3-1-6,×,0,-100
20260707,13,10,1-5-4,2.49,72.7,1-3-6,×,0,-100
20260707,24,5,5-1-3,4.54,39.9,1-3-5,×,0,-100
20260707,24,2,4-3-1,4.16,43.5,1-4-3,×,0,-100
20260707,10,10,3-4-1,4.66,38.8,3-5-1,×,0,-100
20260707,10,9,3-2-1,3.07,58.8,1-5-6,×,0,-100
20260707,24,12,3-2-4,3.69,48.8,1-2-3,×,0,-100
20260707,20,6,1-3-4,13.11,13.7,6-3-1,×,0,-100
20260707,11,7,2-4-1,3.07,58.5,2-3-4,×,0,-100
20260707,04,8,1-4-3,3.31,54.0,2-1-5,×,0,-100
20260707,02,8,2-1-5,3.04,58.9,2-3-1,×,0,-100
20260707,24,3,1-2-5,2.03,88.1,2-5-4,×,0,-100
20260707,02,10,2-1-5,3.82,46.7,2-1-5,○,4670,4570
20260707,04,8,1-4-2,6.17,28.9,2-1-5,×,0,-100
20260707,11,4,1-3-4,10.65,16.7,4-2-6,×,0,-100
20260707,10,2,3-1-2,2.64,67.3,6-2-3,×,0,-100
20260707,04,9,4-1-2,2.63,67.4,1-4-3,×,0,-100
20260707,10,2,1-4-3,2.43,72.9,6-2-3,×,0,-100
20260707,20,12,4-1-3,2.57,68.5,1-3-2,×,0,-100
20260707,01,2,1-4-3,8.54,20.6,3-2-5,×,0,-100
20260707,10,9,1-3-6,2.56,68.8,1-5-6,×,0,-100
20260707,05,5,1-2-5,3.08,57.1,1-3-5,×,0,-100
20260707,13,12,2-1-4,6.71,26.2,1-2-4,×,0,-100
20260707,18,9,1-4-5,4.15,42.2,3-1-5,×,0,-100
20260707,04,8,1-5-4,11.15,15.7,2-1-5,×,0,-100
20260707,10,7,2-1-3,2.08,83.9,1-3-2,×,0,-100
20260707,10,3,1-3-2,25.33,6.9,1-3-2,○,690,590
20260707,04,9,3-1-4,7.63,22.9,1-4-3,×,0,-100
20260707,10,4,1-3-4,3.15,55.4,1-5-2,×,0,-100
20260707,12,10,5-1-3,3.2,54.4,1-2-5,×,0,-100
20260707,04,2,1-5-6,1.98,87.9,1-5-2,×,0,-100
20260707,04,2,1-4-3,2.92,59.6,1-5-2,×,0,-100
20260707,18,4,1-6-4,1.78,97.7,5-4-1,×,0,-100
20260707,01,1,4-2-3,2.8,62.2,2-6-4,×,0,-100
20260707,04,8,4-1-5,3.91,44.5,2-1-5,×,0,-100
20260707,18,6,5-1-2,4.54,38.3,1-5-2,×,0,-100
20260707,02,11,2-4-1,1.86,93.4,1-2-4,×,0,-100
20260707,24,11,1-3-2,10.15,17.1,1-2-4,×,0,-100
20260707,13,1,3-1-2,6.14,28.3,2-1-5,×,0,-100
20260707,04,4,1-4-3,5.37,32.3,3-4-1,×,0,-100
20260707,20,7,4-1-3,7.57,22.9,3-4-1,×,0,-100
20260707,04,4,1-3-4,8.5,20.4,3-4-1,×,0,-100
20260707,20,2,3-1-2,4.62,37.3,2-1-6,×,0,-100
20260707,04,11,2-1-4,7.24,23.8,1-2-5,×,0,-100
20260707,08,1,3-1-4,4.26,40.4,2-6-4,×,0,-100
20260707,08,12,2-1-3,5.7,30.2,1-6-2,×,0,-100
20260707,04,7,1-2-5,1.74,98.8,1-6-4,×,0,-100
20260707,04,3,4-3-2,1.84,93.5,3-4-6,×,0,-100
20260707,11,10,3-2-1,3.72,46.3,3-1-4,×,0,-100
20260707,18,3,1-4-3,4.14,41.5,6-1-4,×,0,-100
20260707,05,1,1-4-3,1.78,96.4,4-1-5,×,0,-100
20260707,12,5,1-2-5,5.63,30.5,2-1-5,×,0,-100
20260707,24,12,4-2-3,3.62,47.4,1-2-3,×,0,-100
20260707,08,3,2-3-1,2.38,71.8,1-6-2,×,0,-100
20260707,18,1,4-2-1,2.04,83.7,1-3-4,×,0,-100
20260707,11,12,1-4-2,11.24,15.2,1-3-5,×,0,-100
20260707,11,10,1-2-3,11.98,14.2,3-1-4,×,0,-100
20260707,10,1,1-5-4,3.35,50.8,3-1-6,×,0,-100
20260707,20,9,5-1-4,2.29,74.2,1-3-2,×,0,-100
20260707,08,1,1-4-2,1.76,96.7,2-6-4,×,0,-100
20260707,18,10,4-1-2,4.8,35.4,2-1-6,×,0,-100
20260707,24,12,1-2-3,3.67,46.2,1-2-3,○,2910,2810
20260707,08,4,1-4-5,6.01,28.2,1-3-5,×,0,-100
20260707,08,6,4-1-5,2.58,65.7,4-1-2,×,0,-100
20260707,08,1,1-3-4,7.84,21.6,2-6-4,×,0,-100
20260707,02,4,1-5-2,8.02,21.1,1-5-6,×,0,-100
20260707,01,4,4-1-2,2.25,75.0,2-3-4,×,0,-100
20260707,04,5,1-3-2,12.69,13.3,2-3-5,×,0,-100
20260707,11,6,4-2-3,2.26,74.6,3-2-4,×,0,-100
20260707,01,5,2-4-1,3.0,56.2,6-1-5,×,0,-100
20260707,24,11,1-5-3,5.67,29.7,1-2-4,×,0,-100
20260707,02,4,2-1-5,8.02,21.0,1-5-6,×,0,-100
20260707,11,2,5-1-2,3.38,49.7,1-4-3,×,0,-100
20260707,01,2,1-4-5,2.51,66.7,3-2-5,×,0,-100
20260707,12,9,1-4-2,7.85,21.3,1-2-3,×,0,-100
20260707,08,10,1-2-4,2.0,83.7,3-1-2,×,0,-100
20260707,10,7,2-1-4,3.93,42.5,1-3-2,×,0,-100
20260707,02,8,3-1-2,6.63,25.2,2-3-1,×,0,-100
20260707,12,6,1-4-3,5.14,32.5,1-5-2,×,0,-100
20260707,01,3,1-2-4,4.88,34.2,2-3-6,×,0,-100
20260707,01,11,3-1-2,3.59,46.3,3-1-2,○,4630,4530
20260707,04,1,3-2-1,2.53,65.9,6-2-3,×,0,-100
20260707,02,7,1-4-3,8.93,18.6,5-4-1,×,0,-100
20260707,18,9,1-4-2,3.47,47.9,3-1-5,×,0,-100
20260707,10,12,1-2-6,3.25,51.0,1-2-4,×,0,-100
20260707,13,11,1-5-3,3.56,46.6,4-5-2,×,0,-100
20260707,24,1,5-2-1,2.1,78.7,3-4-1,×,0,-100
20260707,13,10,1-4-5,3.93,42.0,1-3-6,×,0,-100
20260707,18,9,1-3-4,5.98,27.6,3-1-5,×,0,-100
20260707,08,7,1-2-6,3.06,53.9,6-4-2,×,0,-100
20260707,02,1,1-4-2,12.4,13.3,4-1-5,×,0,-100
20260707,01,5,2-5-1,3.95,41.7,6-1-5,×,0,-100
20260707,24,11,1-5-2,1.67,98.7,1-2-4,×,0,-100
20260707,04,5,1-4-3,2.84,58.0,2-3-5,×,0,-100
20260707,24,6,1-4-3,3.11,52.8,2-3-1,×,0,-100
20260707,20,1,2-3-1,1.94,84.8,2-3-4,×,0,-100
20260707,20,10,4-2-1,2.62,62.4,1-4-3,×,0,-100
20260707,05,10,4-3-1,2.26,72.2,3-1-6,×,0,-100
20260707,10,9,3-1-6,1.78,91.7,1-5-6,×,0,-100
20260707,11,6,3-2-1,8.29,19.7,3-2-4,×,0,-100
20260707,04,7,1-2-3,3.66,44.5,1-6-4,×,0,-100
20260707,13,5,1-5-3,2.45,66.3,3-1-2,×,0,-100
20260707,08,5,2-1-3,5.04,32.2,4-5-6,×,0,-100
20260707,24,9,1-4-2,5.33,30.5,1-2-3,×,0,-100
20260707,13,6,1-3-2,7.12,22.8,1-5-6,×,0,-100
20260707,08,12,2-1-5,2.03,80.0,1-6-2,×,0,-100
20260707,04,1,1-3-2,3.15,51.4,6-2-3,×,0,-100
20260707,01,2,1-2-4,3.0,54.0,3-2-5,×,0,-100
20260707,24,1,5-2-3,2.2,73.4,3-4-1,×,0,-100
20260707,02,10,2-3-1,3.28,49.3,2-1-5,×,0,-100
20260707,10,8,1-5-2,3.21,50.2,2-1-4,×,0,-100
20260707,02,1,2-1-5,1.9,84.8,4-1-5,×,0,-100
20260707,12,7,1-3-4,10.95,14.7,4-5-3,×,0,-100
20260707,01,11,2-1-3,3.43,46.9,3-1-2,×,0,-100
20260707,01,8,5-1-2,1.83,87.7,1-2-3,×,0,-100
20260707,18,10,2-4-1,7.68,20.9,2-1-6,×,0,-100
20260707,18,3,3-1-2,9.72,16.5,6-1-4,×,0,-100
20260707,18,10,2-1-4,15.86,10.1,2-1-6,×,0,-100
20260707,10,1,1-5-2,4.85,33.0,3-1-6,×,0,-100
20260707,02,8,3-2-1,2.55,62.7,2-3-1,×,0,-100
20260707,13,11,1-6-4,1.94,82.5,4-5-2,×,0,-100
20260707,11,1,1-4-5,1.62,98.8,1-5-3,×,0,-100
20260707,10,3,1-4-3,5.29,30.2,1-3-2,×,0,-100
20260707,13,11,1-5-4,4.91,32.5,4-5-2,×,0,-100
20260707,11,12,2-1-3,2.46,64.8,1-3-5,×,0,-100
20260707,11,7,2-1-4,6.2,25.7,2-3-4,×,0,-100
20260707,13,4,4-2-1,5.85,27.2,4-5-3,×,0,-100
20260707,24,2,4-1-2,1.94,82.1,1-4-3,×,0,-100
20260707,24,1,3-1-2,3.2,49.7,3-4-1,×,0,-100
20260707,10,5,1-3-2,5.45,29.2,4-1-2,×,0,-100
20260707,02,5,2-5-1,2.52,62.9,4-1-2,×,0,-100
20260707,20,12,3-4-1,1.94,81.4,1-3-2,×,0,-100
20260707,02,2,1-4-3,5.02,31.5,5-1-4,×,0,-100
20260707,11,11,2-1-4,5.06,31.2,1-6-4,×,0,-100
20260707,02,8,1-2-3,16.98,9.3,2-3-1,×,0,-100
20260707,08,4,4-5-1,3.26,48.4,1-3-5,×,0,-100
20260707,02,12,1-4-3,4.38,36.0,1-3-5,×,0,-100
20260707,11,8,1-2-4,1.87,84.1,1-2-3,×,0,-100
20260707,20,5,4-2-1,1.6,98.4,2-1-3,×,0,-100
20260707,24,3,2-1-4,2.75,57.1,2-5-4,×,0,-100
20260707,12,1,1-4-3,8.05,19.5,1-3-4,×,0,-100
20260707,24,10,3-1-2,4.16,37.7,1-3-4,×,0,-100
20260707,08,10,1-2-6,5.28,29.7,3-1-2,×,0,-100
20260707,11,8,4-3-1,7.03,22.3,1-2-3,×,0,-100
20260707,24,1,3-5-1,2.28,68.7,3-4-1,×,0,-100
20260707,11,8,4-3-2,1.57,99.8,1-2-3,×,0,-100
20260707,11,7,2-1-3,3.76,41.6,2-3-4,×,0,-100
20260707,10,10,3-1-2,5.19,30.1,3-5-1,×,0,-100
20260707,04,4,2-1-3,2.8,55.7,3-4-1,×,0,-100
20260707,18,5,1-4-5,10.54,14.8,1-3-5,×,0,-100
20260707,12,1,2-1-3,2.66,58.6,1-3-4,×,0,-100
20260707,05,7,4-1-5,1.76,88.3,4-2-5,×,0,-100
20260707,24,6,4-3-1,2.65,58.8,2-3-1,×,0,-100
20260707,24,3,2-1-5,3.03,51.2,2-5-4,×,0,-100
20260707,20,12,1-3-5,10.48,14.8,1-3-2,×,0,-100
20260707,10,11,1-3-2,3.71,41.8,6-2-1,×,0,-100
20260707,04,1,2-5-3,1.72,90.2,6-2-3,×,0,-100
20260707,13,4,3-4-1,2.28,67.8,4-5-3,×,0,-100
20260707,10,8,1-2-6,2.92,53.0,2-1-4,×,0,-100
20260707,08,5,1-4-3,3.0,51.6,4-5-6,×,0,-100
20260707,05,3,1-2-3,4.77,32.4,1-5-3,×,0,-100
20260707,01,7,1-4-5,1.77,87.4,1-3-5,×,0,-100
20260707,20,12,1-5-3,4.46,34.6,1-3-2,×,0,-100
20260707,01,1,3-1-2,3.2,48.3,2-6-4,×,0,-100
20260707,24,4,5-4-1,2.28,67.5,4-1-5,×,0,-100
20260707,08,4,1-4-3,5.64,27.3,1-3-5,×,0,-100
20260707,11,2,1-5-4,9.14,16.8,1-4-3,×,0,-100
20260707,11,3,4-1-5,1.79,85.7,1-3-4,×,0,-100
20260707,11,2,1-3-2,1.61,95.4,1-4-3,×,0,-100
20260707,01,1,4-3-2,1.78,86.3,2-6-4,×,0,-100
20260707,01,3,1-4-2,1.54,99.5,2-3-6,×,0,-100
20260707,01,9,3-1-4,12.25,12.5,3-6-4,×,0,-100
20260707,04,7,1-4-5,1.63,93.7,1-6-4,×,0,-100
20260707,02,11,1-4-3,8.84,17.3,1-2-4,×,0,-100
20260707,24,5,5-1-2,2.92,52.2,1-3-5,×,0,-100
20260707,04,1,1-3-5,1.61,94.5,6-2-3,×,0,-100
20260707,20,9,1-4-5,6.8,22.4,1-3-2,×,0,-100
20260707,18,6,2-1-5,3.92,38.9,1-5-2,×,0,-100
20260707,02,7,1-3-6,2.89,52.7,5-4-1,×,0,-100
20260707,20,8,3-1-5,2.7,56.3,2-6-1,×,0,-100
20260707,11,5,4-1-3,1.73,87.9,1-2-5,×,0,-100
20260707,12,2,1-4-2,2.63,57.8,1-2-3,×,0,-100
20260707,01,5,1-2-6,5.64,26.9,6-1-5,×,0,-100
20260707,13,6,3-1-2,1.88,80.8,1-5-6,×,0,-100
20260707,10,5,2-1-3,5.79,26.2,4-1-2,×,0,-100
20260707,18,11,1-4-2,9.3,16.3,1-4-2,○,1630,1530
20260707,02,7,1-3-4,10.23,14.8,5-4-1,×,0,-100
20260707,10,9,1-2-3,6.39,23.7,1-5-6,×,0,-100
20260707,04,12,4-2-1,2.05,74.0,1-3-2,×,0,-100
20260707,13,4,4-1-2,10.09,15.0,4-5-3,×,0,-100
20260707,24,7,1-5-4,1.91,79.1,4-1-5,×,0,-100
20260707,11,1,1-4-2,4.11,36.8,1-5-3,×,0,-100
20260707,12,5,6-1-2,1.99,76.0,2-1-5,×,0,-100
20260707,20,9,1-5-4,5.82,26.0,1-3-2,×,0,-100
20260707,05,11,1-2-3,6.09,24.8,5-3-2,×,0,-100
20260707,01,11,5-1-3,3.36,44.9,3-1-2,×,0,-100
20260707,01,1,2-1-3,8.05,18.7,2-6-4,×,0,-100
20260707,08,10,2-1-3,1.83,82.0,3-1-2,×,0,-100
20260707,04,12,2-1-4,2.4,62.5,1-3-2,×,0,-100
20260707,20,1,2-1-3,4.49,33.4,2-3-4,×,0,-100
20260707,20,10,1-2-3,2.91,51.5,1-4-3,×,0,-100
20260707,12,1,1-3-4,7.83,19.1,1-3-4,○,1910,1810
20260707,05,5,2-1-3,2.53,59.0,1-3-5,×,0,-100
20260707,04,1,3-1-2,2.48,60.3,6-2-3,×,0,-100
20260707,08,3,2-1-5,2.71,55.1,1-6-2,×,0,-100
20260707,20,2,3-4-2,5.1,29.2,2-1-6,×,0,-100
20260707,10,2,1-3-4,2.61,57.1,6-2-3,×,0,-100
20260707,10,10,2-3-1,2.73,54.4,3-5-1,×,0,-100
20260707,10,2,1-2-4,11.86,12.5,6-2-3,×,0,-100
20260707,11,12,1-5-2,5.14,28.8,1-3-5,×,0,-100
20260707,12,4,2-1-3,5.4,27.4,1-2-3,×,0,-100
20260707,01,2,3-1-4,3.89,38.0,3-2-5,×,0,-100
20260707,10,7,1-2-6,5.07,29.1,1-3-2,×,0,-100
20260707,05,4,4-1-3,1.69,87.4,2-1-6,×,0,-100
20260707,10,1,1-4-5,3.34,44.1,3-1-6,×,0,-100
20260707,04,3,3-4-1,4.59,32.1,3-4-6,×,0,-100
20260707,11,3,2-1-3,1.73,85.4,1-3-4,×,0,-100
20260707,05,5,4-2-1,1.96,75.3,1-3-5,×,0,-100
20260707,05,11,1-3-2,11.16,13.2,5-3-2,×,0,-100
20260707,20,10,4-1-2,5.04,29.2,1-4-3,×,0,-100
20260707,05,9,1-3-4,13.24,11.1,3-5-6,×,0,-100
20260707,05,7,2-1-4,9.07,16.2,4-2-5,×,0,-100
20260707,10,10,3-1-4,6.03,24.3,3-5-1,×,0,-100
20260707,02,5,2-1-5,5.43,27.0,4-1-2,×,0,-100
20260707,02,9,1-4-3,1.97,74.4,3-5-1,×,0,-100
20260707,24,3,5-4-2,2.83,51.7,2-5-4,×,0,-100
20260707,13,8,1-2-5,7.21,20.3,1-6-4,×,0,-100
20260707,01,11,2-1-5,3.19,45.8,3-1-2,×,0,-100
20260707,10,4,1-4-5,9.43,15.5,1-5-2,×,0,-100
20260707,13,11,1-2-5,8.03,18.2,4-5-2,×,0,-100
20260707,12,4,3-2-1,1.73,84.6,1-2-3,×,0,-100
20260707,24,1,3-5-2,2.41,60.7,3-4-1,×,0,-100
20260707,05,6,3-2-1,2.08,70.2,5-4-1,×,0,-100
20260707,08,9,2-1-4,10.66,13.7,6-1-2,×,0,-100
20260707,08,10,1-3-5,6.31,23.1,3-1-2,×,0,-100
20260707,24,11,1-2-3,5.85,24.9,1-2-4,×,0,-100
20260707,05,11,5-1-3,1.74,83.8,5-3-2,×,0,-100
20260707,12,2,1-2-3,8.41,17.3,1-2-3,○,1730,1630
20260707,05,9,1-4-3,6.64,21.9,3-5-6,×,0,-100
20260707,13,7,4-1-2,4.88,29.8,1-4-5,×,0,-100
20260707,11,3,1-2-5,2.15,67.7,1-3-4,×,0,-100
20260707,11,5,2-1-3,2.34,62.1,1-2-5,×,0,-100
20260707,12,2,1-2-4,4.86,29.9,1-2-3,×,0,-100
20260707,20,8,3-1-2,4.62,31.4,2-6-1,×,0,-100
20260707,13,8,4-1-5,1.76,82.1,1-6-4,×,0,-100
20260707,20,3,3-2-1,1.72,84.3,1-3-2,×,0,-100
20260707,20,11,4-1-2,2.32,62.3,1-4-3,×,0,-100
20260707,01,3,1-2-5,10.64,13.6,2-3-6,×,0,-100
20260707,18,4,1-5-3,2.84,51.0,5-4-1,×,0,-100
20260707,20,6,3-1-4,9.62,15.0,6-3-1,×,0,-100
20260707,01,1,3-2-1,5.06,28.5,2-6-4,×,0,-100
20260707,02,4,5-1-2,4.8,30.0,1-5-6,×,0,-100
20260707,08,12,1-4-2,6.23,23.1,1-6-2,×,0,-100
20260707,12,6,1-4-5,9.05,15.9,1-5-2,×,0,-100
20260707,04,2,1-2-5,3.43,41.9,1-5-2,×,0,-100
20260707,11,3,4-1-3,3.77,38.1,1-3-4,×,0,-100
20260707,10,7,1-3-6,1.51,95.2,1-3-2,×,0,-100
20260707,08,4,1-5-4,4.61,31.1,1-3-5,×,0,-100
20260707,05,3,3-1-5,4.32,33.2,1-5-3,×,0,-100
20260707,05,2,1-4-2,4.14,34.6,1-4-6,×,0,-100
20260707,08,9,4-2-1,7.05,20.3,6-1-2,×,0,-100
20260707,10,4,1-4-2,4.18,34.2,1-5-2,×,0,-100
20260707,18,7,1-3-4,4.01,35.6,3-5-4,×,0,-100
20260707,05,5,2-1-4,3.56,40.1,1-3-5,×,0,-100
20260707,11,1,1-2-3,5.92,24.1,1-5-3,×,0,-100
20260707,02,11,4-3-1,1.71,83.5,1-2-4,×,0,-100
20260707,04,12,4-1-3,3.29,43.4,1-3-2,×,0,-100
20260707,11,6,1-3-2,3.93,36.2,3-2-4,×,0,-100
20260707,10,4,1-3-2,2.31,61.6,1-5-2,×,0,-100
20260707,11,4,1-5-3,1.89,75.5,4-2-6,×,0,-100
20260707,24,8,1-2-3,15.14,9.4,2-1-5,×,0,-100
20260707,01,3,5-1-2,1.94,73.4,2-3-6,×,0,-100
20260707,11,6,3-4-1,1.48,95.8,3-2-4,×,0,-100
20260707,18,2,1-4-2,5.03,28.2,1-3-2,×,0,-100
20260707,24,5,5-3-1,2.12,67.0,1-3-5,×,0,-100
20260707,05,11,1-5-3,5.87,24.1,5-3-2,×,0,-100
20260707,04,2,4-5-1,1.53,92.2,1-5-2,×,0,-100
20260707,12,11,2-1-3,4.21,33.5,2-4-5,×,0,-100
20260707,08,8,1-2-5,4.95,28.5,2-3-6,×,0,-100
20260707,18,4,1-6-5,1.43,98.5,5-4-1,×,0,-100
20260707,08,3,1-5-2,2.53,55.7,1-6-2,×,0,-100
20260707,18,12,3-1-5,1.57,90.0,1-3-5,×,0,-100
20260707,10,3,1-3-6,5.97,23.6,1-3-2,×,0,-100
20260707,12,7,1-2-4,3.55,39.6,4-5-3,×,0,-100
20260707,01,1,2-1-4,6.04,23.3,2-6-4,×,0,-100
20260707,20,10,4-1-3,3.81,36.9,1-4-3,×,0,-100
20260707,12,1,1-3-2,8.9,15.8,1-3-4,×,0,-100
20260707,12,4,3-1-4,2.53,55.6,1-2-3,×,0,-100
20260707,18,12,1-3-6,1.76,79.8,1-3-5,×,0,-100
20260707,11,3,1-4-5,4.23,33.2,1-3-4,×,0,-100
20260707,10,3,3-1-2,7.5,18.7,1-3-2,×,0,-100
20260707,24,7,4-1-2,5.86,23.9,4-1-5,×,0,-100
20260707,24,5,3-1-2,3.37,41.6,1-3-5,×,0,-100
20260707,05,10,1-6-3,2.08,67.5,3-1-6,×,0,-100
20260707,01,9,1-3-4,12.97,10.8,3-6-4,×,0,-100
20260707,10,12,1-2-3,8.39,16.7,1-2-4,×,0,-100
20260707,20,1,3-1-2,1.52,91.6,2-3-4,×,0,-100
20260707,08,12,2-3-1,1.99,70.2,1-6-2,×,0,-100
20260707,05,4,2-4-1,5.79,24.1,2-1-6,×,0,-100
20260707,04,4,2-3-1,1.96,71.3,3-4-1,×,0,-100
20260707,04,10,1-3-2,8.21,17.0,1-4-2,×,0,-100
20260707,01,10,1-2-4,8.06,17.3,1-3-4,×,0,-100
20260707,18,7,3-4-1,6.11,22.8,3-5-4,×,0,-100
20260707,24,10,1-4-3,4.72,29.5,1-3-4,×,0,-100
20260707,11,1,4-1-2,1.43,97.3,1-5-3,×,0,-100
20260707,01,4,1-3-2,2.31,60.3,2-3-4,×,0,-100
20260707,04,11,1-6-2,3.44,40.3,1-2-5,×,0,-100
20260707,05,11,1-5-2,1.87,74.2,5-3-2,×,0,-100
20260707,10,9,3-1-4,8.56,16.2,1-5-6,×,0,-100
20260707,10,8,4-1-2,4.36,31.8,2-1-4,×,0,-100
20260707,01,12,2-1-4,3.69,37.6,1-4-2,×,0,-100
20260707,13,3,2-3-4,1.48,93.7,2-1-3,×,0,-100
20260707,13,5,4-3-1,2.61,53.2,3-1-2,×,0,-100
20260707,12,7,1-6-4,1.74,79.5,4-5-3,×,0,-100
20260707,05,5,1-5-4,2.88,48.0,1-3-5,×,0,-100
20260707,20,10,1-2-4,5.91,23.4,1-4-3,×,0,-100
20260707,05,5,1-2-4,6.65,20.8,1-3-5,×,0,-100
20260707,24,11,1-4-2,3.12,44.4,1-2-4,×,0,-100
20260707,08,12,3-2-1,1.61,85.7,1-6-2,×,0,-100
20260707,13,4,4-2-3,1.82,75.9,4-5-3,×,0,-100
20260707,20,11,1-2-4,9.46,14.6,1-4-3,×,0,-100
20260707,10,5,1-5-2,5.68,24.3,4-1-2,×,0,-100
20260707,18,2,1-4-5,10.52,13.1,1-3-2,×,0,-100
20260707,01,10,3-1-2,1.72,80.3,1-3-4,×,0,-100
20260707,18,7,4-1-5,1.76,78.3,3-5-4,×,0,-100
20260707,24,1,5-1-3,2.03,67.8,3-4-1,×,0,-100
20260707,11,4,1-4-2,3.23,42.6,4-2-6,×,0,-100
20260707,13,3,3-2-4,1.64,83.8,2-1-3,×,0,-100
20260707,12,12,1-5-2,2.8,49.1,2-3-1,×,0,-100
20260707,05,8,1-3-4,6.09,22.5,3-1-6,×,0,-100
20260707,08,2,4-1-2,3.21,42.6,3-2-1,×,0,-100
20260707,02,10,1-2-3,16.06,8.5,2-1-5,×,0,-100
20260707,01,3,1-6-2,1.5,91.3,2-3-6,×,0,-100
20260707,13,7,1-4-2,10.26,13.3,1-4-5,×,0,-100
20260707,04,4,1-2-3,5.21,26.2,3-4-1,×,0,-100
20260707,02,4,2-5-1,4.01,34.0,1-5-6,×,0,-100
20260707,05,1,1-2-5,14.97,9.1,4-1-5,×,0,-100
20260707,08,1,3-1-2,5.72,23.8,2-6-4,×,0,-100
20260707,11,10,1-2-4,2.55,53.5,3-1-4,×,0,-100
20260707,05,9,4-1-3,1.8,75.5,3-5-6,×,0,-100
20260707,05,8,3-1-2,2.34,58.1,3-1-6,×,0,-100
20260707,18,10,2-3-1,2.08,65.4,2-1-6,×,0,-100
20260707,13,8,1-4-3,2.94,46.2,1-6-4,×,0,-100
20260707,24,6,2-4-1,6.09,22.3,2-3-1,×,0,-100
20260707,10,3,1-3-4,15.24,8.9,1-3-2,×,0,-100
20260707,18,3,1-4-2,1.48,91.4,6-1-4,×,0,-100
20260707,01,4,3-4-2,2.7,50.3,2-3-4,×,0,-100
20260707,02,12,1-3-2,11.68,11.6,1-3-5,×,0,-100
20260707,10,6,2-1-3,2.22,61.0,5-1-6,×,0,-100
20260707,20,4,2-1-3,9.6,14.1,3-5-2,×,0,-100
20260707,02,9,5-1-3,3.29,41.1,3-5-1,×,0,-100
20260707,11,3,1-4-2,4.38,30.9,1-3-4,×,0,-100
20260707,02,9,3-2-1,1.57,85.9,3-5-1,×,0,-100
20260707,04,4,3-1-5,3.91,34.6,3-4-1,×,0,-100
20260707,01,3,2-1-4,4.26,31.7,2-3-6,×,0,-100
20260707,13,4,3-1-4,2.15,62.9,4-5-3,×,0,-100
20260707,01,3,1-5-2,3.86,35.0,2-3-6,×,0,-100
20260707,12,12,1-3-2,12.99,10.4,2-3-1,×,0,-100
20260707,24,2,3-1-2,3.99,33.8,1-4-3,×,0,-100
20260707,01,11,3-2-1,1.37,98.6,3-1-2,×,0,-100
20260707,12,12,3-1-4,1.41,95.8,2-3-1,×,0,-100
20260707,20,11,1-4-3,12.46,10.8,1-4-3,○,1080,980
20260707,05,8,1-2-6,2.9,46.4,3-1-6,×,0,-100
20260707,02,4,1-2-5,11.11,12.1,1-5-6,×,0,-100
20260707,08,11,4-1-5,1.49,90.0,1-2-6,×,0,-100
20260707,01,10,2-1-3,2.74,48.9,1-3-4,×,0,-100
20260707,05,4,4-2-3,2.22,60.1,2-1-6,×,0,-100
20260707,11,10,1-5-3,2.9,46.0,3-1-4,×,0,-100
20260707,04,2,1-3-5,2.59,51.6,1-5-2,×,0,-100
20260707,02,5,1-2-5,7.5,17.8,4-1-2,×,0,-100
20260707,12,10,5-1-2,3.21,41.5,1-2-5,×,0,-100
20260707,02,5,4-1-2,4.37,30.5,4-1-2,○,3050,2950
20260707,12,5,1-5-6,1.93,69.1,2-1-5,×,0,-100
20260707,24,1,3-2-5,2.71,49.2,3-4-1,×,0,-100
20260707,01,10,1-2-5,5.19,25.6,1-3-4,×,0,-100
20260707,18,3,1-2-4,1.76,75.5,6-1-4,×,0,-100
20260707,04,5,3-1-4,1.79,74.1,2-3-5,×,0,-100
20260707,10,1,1-2-4,5.53,24.0,3-1-6,×,0,-100
20260707,05,9,3-1-4,4.7,28.2,3-5-6,×,0,-100
20260707,10,8,1-2-5,6.1,21.7,2-1-4,×,0,-100
20260707,01,1,1-3-2,3.29,40.2,2-6-4,×,0,-100
20260707,12,6,5-1-4,1.66,79.5,1-5-2,×,0,-100
20260707,04,4,1-5-4,1.36,97.5,3-4-1,×,0,-100
20260707,01,1,2-3-1,7.68,17.2,2-6-4,×,0,-100
20260707,24,9,1-3-2,9.57,13.8,1-2-3,×,0,-100
20260707,20,10,1-3-2,2.63,50.2,1-4-3,×,0,-100
20260707,04,11,2-4-1,2.03,65.1,1-2-5,×,0,-100
20260707,08,10,1-4-3,1.67,79.2,3-1-2,×,0,-100
20260707,11,7,2-3-1,1.65,80.0,2-3-4,×,0,-100
20260707,11,2,1-4-3,2.75,48.0,1-4-3,○,4800,4700
20260707,04,5,1-5-3,2.43,54.2,2-3-5,×,0,-100
20260707,10,9,4-1-3,2.43,54.2,1-5-6,×,0,-100
20260707,02,7,3-1-4,2.29,57.6,5-4-1,×,0,-100
20260707,08,8,2-1-5,8.91,14.8,2-3-6,×,0,-100
20260707,12,3,1-6-3,1.68,78.6,4-6-2,×,0,-100
20260707,01,5,2-1-6,8.13,16.2,6-1-5,×,0,-100
20260707,01,4,3-2-4,3.76,35.0,2-3-4,×,0,-100
20260707,24,4,4-2-1,4.59,28.6,4-1-5,×,0,-100
20260707,02,7,1-2-4,3.66,35.9,5-4-1,×,0,-100
20260707,20,6,3-1-2,4.43,29.6,6-3-1,×,0,-100
20260707,24,3,1-2-4,1.84,71.3,2-5-4,×,0,-100
20260707,20,1,1-4-2,5.44,24.1,2-3-4,×,0,-100
20260707,11,4,3-1-2,1.73,75.7,4-2-6,×,0,-100
20260707,10,1,1-2-5,5.53,23.7,3-1-6,×,0,-100
20260707,10,2,1-5-2,2.54,51.6,6-2-3,×,0,-100
20260707,24,11,1-5-4,2.65,49.4,1-2-4,×,0,-100
20260707,20,7,4-2-1,1.5,87.4,3-4-1,×,0,-100
20260707,02,3,3-1-4,2.06,63.6,4-6-2,×,0,-100
20260707,02,9,3-1-4,2.02,64.6,3-5-1,×,0,-100
20260707,20,2,3-2-1,3.98,32.8,2-1-6,×,0,-100
20260707,08,4,3-4-1,2.44,53.4,1-3-5,×,0,-100
20260707,01,11,5-1-2,3.16,41.2,3-1-2,×,0,-100
20260707,11,9,1-4-3,4.91,26.5,1-3-4,×,0,-100
20260707,08,9,1-4-2,14.29,9.1,6-1-2,×,0,-100
20260707,20,11,1-6-4,1.81,71.9,1-4-3,×,0,-100
20260707,01,12,1-5-4,5.0,26.0,1-4-2,×,0,-100
20260707,12,1,1-5-3,2.09,62.1,1-3-4,×,0,-100
20260707,18,8,1-3-4,14.75,8.8,1-3-4,○,880,780
20260707,04,9,2-1-3,2.21,58.6,1-4-3,×,0,-100
20260707,04,10,1-4-3,4.04,32.1,1-4-2,×,0,-100
20260707,13,2,2-1-3,13.22,9.8,1-2-4,×,0,-100
20260707,01,3,1-2-3,10.7,12.1,2-3-6,×,0,-100
20260707,20,5,1-4-2,5.11,25.3,2-1-3,×,0,-100
20260707,20,4,1-3-2,11.66,11.1,3-5-2,×,0,-100
20260707,13,11,1-2-6,3.79,34.1,4-5-2,×,0,-100
20260707,05,11,1-2-5,1.88,68.6,5-3-2,×,0,-100
20260707,04,4,3-2-1,2.57,50.2,3-4-1,×,0,-100
20260707,04,2,1-4-2,3.63,35.6,1-5-2,×,0,-100
20260707,12,8,4-1-3,1.91,67.6,1-3-4,×,0,-100
20260707,01,2,1-3-4,9.21,14.0,3-2-5,×,0,-100
20260707,04,2,4-1-2,2.02,63.9,1-5-2,×,0,-100
20260707,10,2,1-3-2,8.42,15.3,6-2-3,×,0,-100
20260707,11,2,1-3-4,2.02,63.6,1-4-3,×,0,-100
20260707,24,11,1-2-5,1.68,76.4,1-2-4,×,0,-100
20260707,13,7,1-2-5,1.56,81.9,1-4-5,×,0,-100
20260707,04,10,1-2-3,8.15,15.7,1-4-2,×,0,-100
20260707,08,9,2-4-1,7.06,18.1,6-1-2,×,0,-100
20260707,20,9,2-1-4,4.58,27.9,1-3-2,×,0,-100
20260707,20,9,2-4-1,1.73,74.0,1-3-2,×,0,-100
20260707,02,7,4-1-3,1.9,67.1,5-4-1,×,0,-100
20260707,12,10,2-5-1,1.31,97.4,1-2-5,×,0,-100
20260707,02,10,1-2-4,8.73,14.6,2-1-5,×,0,-100
20260707,13,8,1-4-2,7.45,17.1,1-6-4,×,0,-100
20260707,05,6,2-3-1,1.49,85.4,5-4-1,×,0,-100
20260707,24,5,1-5-3,9.09,14.0,1-3-5,×,0,-100
20260707,11,3,1-2-4,3.63,35.0,1-3-4,×,0,-100
20260707,24,10,1-5-4,1.65,77.1,1-3-4,×,0,-100
20260707,02,8,1-3-2,15.46,8.2,2-3-1,×,0,-100
20260707,08,4,5-1-3,1.86,68.3,1-3-5,×,0,-100
20260707,24,1,2-5-1,2.32,54.6,3-4-1,×,0,-100
20260707,08,2,1-4-2,4.44,28.5,3-2-1,×,0,-100
20260707,10,10,2-4-3,1.27,99.4,3-5-1,×,0,-100
20260707,11,9,4-1-2,1.55,81.4,1-3-4,×,0,-100
20260707,05,5,1-4-2,7.19,17.6,1-3-5,×,0,-100
20260707,05,5,1-5-3,2.05,61.5,1-3-5,×,0,-100
20260707,02,2,1-3-4,5.82,21.7,5-1-4,×,0,-100
20260707,12,12,1-6-3,2.29,55.2,2-3-1,×,0,-100
20260707,13,1,3-5-1,4.38,28.8,2-1-5,×,0,-100
20260707,02,11,2-1-3,2.97,42.4,1-2-4,×,0,-100
20260707,20,12,1-3-6,3.63,34.7,1-3-2,×,0,-100
20260707,02,5,1-5-4,2.92,43.1,4-1-2,×,0,-100
20260707,04,11,1-4-2,11.55,10.9,1-2-5,×,0,-100
20260707,13,7,1-6-4,1.66,75.8,1-4-5,×,0,-100
20260707,11,7,1-2-4,7.81,16.1,2-3-4,×,0,-100
20260707,04,7,1-4-2,1.39,90.6,1-6-4,×,0,-100
20260707,10,6,1-2-5,13.07,9.6,5-1-6,×,0,-100
20260707,02,2,3-4-1,1.27,99.1,5-1-4,×,0,-100
20260707,08,5,3-1-5,1.58,79.2,4-5-6,×,0,-100
20260707,05,11,1-4-5,1.42,88.1,5-3-2,×,0,-100
20260707,18,6,2-1-3,2.72,46.0,1-5-2,×,0,-100
20260707,11,11,4-2-1,2.47,50.7,1-6-4,×,0,-100
20260707,18,6,5-2-1,2.0,62.6,1-5-2,×,0,-100
20260707,20,6,1-3-2,6.04,20.7,6-3-1,×,0,-100
20260707,05,5,1-2-3,4.74,26.4,1-3-5,×,0,-100
20260707,24,11,1-4-3,10.6,11.8,1-2-4,×,0,-100
20260707,02,11,1-2-4,8.8,14.2,1-2-4,○,1420,1320
20260707,04,1,1-2-6,2.34,53.4,6-2-3,×,0,-100
20260707,20,9,1-4-3,2.61,47.8,1-3-2,×,0,-100
20260707,24,10,3-1-4,4.02,31.0,1-3-4,×,0,-100
20260707,13,3,3-4-2,1.43,87.3,2-1-3,×,0,-100
20260707,08,6,3-1-4,1.41,88.5,4-1-2,×,0,-100
20260707,12,10,2-1-3,3.03,41.0,1-2-5,×,0,-100
20260707,01,5,6-2-1,1.98,62.8,6-1-5,×,0,-100
20260707,12,11,2-1-4,2.58,48.1,2-4-5,×,0,-100
20260707,18,3,1-3-4,10.17,12.2,6-1-4,×,0,-100
20260707,18,6,2-5-1,1.9,65.3,1-5-2,×,0,-100
20260707,13,3,3-4-1,2.59,47.9,2-1-3,×,0,-100
20260707,13,4,2-4-1,3.91,31.7,4-5-3,×,0,-100
20260707,10,2,2-1-4,4.67,26.5,6-2-3,×,0,-100
20260707,11,7,1-3-2,2.6,47.6,2-3-4,×,0,-100
20260707,10,11,4-1-2,3.66,33.8,6-2-1,×,0,-100
20260707,24,1,5-1-2,2.05,60.3,3-4-1,×,0,-100
20260707,24,11,1-2-4,2.73,45.2,1-2-4,○,5170,5070
20260707,13,2,1-3-2,6.17,20.0,1-2-4,×,0,-100
20260707,24,6,2-1-4,5.82,21.2,2-3-1,×,0,-100
20260707,18,7,3-1-4,4.39,28.1,3-5-4,×,0,-100
20260707,20,10,1-2-5,1.62,76.2,1-4-3,×,0,-100
20260707,11,11,3-1-2,1.38,89.1,1-6-4,×,0,-100
20260707,04,3,3-2-1,1.55,79.7,3-4-6,×,0,-100
20260707,02,3,2-4-1,1.29,95.9,4-6-2,×,0,-100
20260707,01,3,3-1-2,1.95,63.1,2-3-6,×,0,-100
20260707,24,9,1-2-4,7.74,15.9,1-2-3,×,0,-100
20260707,18,7,4-1-2,2.51,48.9,3-5-4,×,0,-100
20260707,24,5,1-5-4,1.85,66.2,1-3-5,×,0,-100
20260707,11,10,3-1-2,7.62,16.1,3-1-4,×,0,-100
20260707,10,12,1-3-2,5.09,24.1,1-2-4,×,0,-100
20260707,18,4,1-3-6,2.28,53.7,5-4-1,×,0,-100
20260707,02,2,1-3-2,7.84,15.6,5-1-4,×,0,-100
20260707,02,2,2-3-1,1.83,66.8,5-1-4,×,0,-100
20260707,24,7,4-2-1,1.74,70.1,4-1-5,×,0,-100
20260707,24,3,2-4-1,3.17,38.5,2-5-4,×,0,-100
20260707,04,5,1-4-2,3.41,35.8,2-3-5,×,0,-100
20260707,13,3,1-2-3,6.78,18.0,2-1-3,×,0,-100
20260707,08,3,3-1-6,1.6,76.1,1-6-2,×,0,-100
20260707,11,11,2-4-1,2.27,53.8,1-6-4,×,0,-100
20260707,10,7,2-1-6,2.68,45.4,1-3-2,×,0,-100
20260707,10,4,1-3-5,5.22,23.3,1-5-2,×,0,-100
20260707,18,5,1-3-4,5.9,20.6,1-3-5,×,0,-100
20260707,18,7,4-5-3,1.56,78.1,3-5-4,×,0,-100
20260707,24,9,1-3-4,4.16,29.2,1-2-3,×,0,-100
20260707,05,11,1-5-4,1.49,81.4,5-3-2,×,0,-100
20260707,12,3,1-2-3,5.04,24.1,4-6-2,×,0,-100
20260707,12,6,1-5-2,7.93,15.3,1-5-2,○,1530,1430
20260707,01,4,4-3-2,2.66,45.6,2-3-4,×,0,-100
20260707,11,11,1-5-4,1.8,67.4,1-6-4,×,0,-100
20260707,10,6,1-2-6,2.39,50.8,5-1-6,×,0,-100
20260707,05,2,2-4-1,5.69,21.3,1-4-6,×,0,-100
20260707,01,7,1-4-2,1.6,75.6,1-3-5,×,0,-100
20260707,05,9,1-3-5,4.21,28.8,3-5-6,×,0,-100
20260707,04,5,1-3-4,4.03,30.0,2-3-5,×,0,-100
20260707,10,10,3-4-2,2.53,47.9,3-5-1,×,0,-100
20260707,13,11,1-5-6,1.89,64.1,4-5-2,×,0,-100
20260707,12,12,1-3-5,4.72,25.6,2-3-1,×,0,-100
20260707,08,8,1-3-2,1.88,64.2,2-3-6,×,0,-100
20260707,10,10,3-2-4,2.38,50.7,3-5-1,×,0,-100
20260707,04,8,5-1-4,4.39,27.5,2-1-5,×,0,-100
20260707,24,8,2-3-1,2.71,44.5,2-1-5,×,0,-100
20260707,01,4,1-2-3,3.13,38.4,2-3-4,×,0,-100
20260707,12,3,1-3-6,1.88,64.0,4-6-2,×,0,-100
20260707,24,8,2-1-3,9.32,12.9,2-1-5,×,0,-100
20260707,11,7,1-2-3,4.73,25.4,2-3-4,×,0,-100
20260707,10,6,1-4-5,1.81,66.3,5-1-6,×,0,-100
